"wordid","pos","morphid"
"391","n","1"
"411","n","2"
"521","v","3"
"521","v","4"
"531","v","5"
"531","v","6"
"536","v","7"
"849","v","10"
"716","n","13"
"840","v","14"
"840","v","15"
"849","v","16"
"936","n","17"
"961","n","18"
"1028","n","19"
"1069","v","20"
"1183","a","21"
"1212","n","22"
"1226","v","23"
"1318","n","27"
"1344","v","28"
"1369","n","29"
"1463","v","30"
"1463","v","31"
"1471","n","32"
"1523","n","33"
"1579","n","34"
"1625","n","35"
"1756","v","36"
"1756","v","37"
"1816","n","38"
"1843","v","39"
"1881","n","40"
"1887","n","41"
"1941","n","42"
"2047","v","43"
"2047","v","44"
"2273","n","46"
"2339","v","48"
"2598","a","50"
"2823","n","53"
"2831","n","54"
"2852","n","55"
"2855","n","56"
"2958","n","57"
"2959","n","58"
"3085","v","60"
"3117","v","61"
"3117","v","62"
"3175","a","63"
"3175","a","64"
"3260","n","65"
"3551","n","66"
"3769","n","67"
"3775","v","68"
"4070","v","70"
"4029","v","72"
"4029","v","73"
"4039","v","74"
"4039","v","75"
"4039","v","76"
"4069","n","77"
"4335","n","80"
"4341","n","81"
"4348","n","82"
"4372","n","83"
"4373","n","84"
"4392","n","85"
"12320","v","86"
"4423","n","87"
"4532","n","88"
"4553","n","89"
"4822","n","90"
"4877","v","91"
"4900","v","92"
"4904","n","93"
"4903","n","94"
"4916","n","95"
"4918","n","96"
"4931","n","97"
"5003","n","102"
"5006","n","103"
"5014","n","104"
"5027","n","105"
"5037","v","106"
"5046","n","107"
"5080","n","108"
"5145","n","110"
"5227","n","115"
"5245","n","116"
"5251","n","117"
"5316","n","118"
"5478","n","122"
"6221","n","124"
"5591","n","125"
"5627","n","126"
"5722","a","128"
"5722","a","129"
"5815","n","130"
"5895","n","131"
"5986","n","133"
"5978","v","134"
"5978","v","135"
"6159","n","138"
"6166","n","139"
"6221","n","144"
"6251","n","146"
"6256","n","147"
"6427","n","150"
"6525","n","151"
"6536","n","152"
"6609","n","154"
"6624","n","155"
"6654","n","156"
"6721","n","157"
"6730","n","158"
"6708","n","159"
"6862","n","161"
"6864","n","162"
"6872","n","163"
"6882","n","164"
"6908","n","165"
"6913","n","166"
"6917","v","167"
"6922","v","167"
"6917","v","168"
"6922","v","168"
"6929","n","169"
"6978","n","170"
"7057","v","171"
"7058","n","172"
"7160","n","173"
"7180","n","174"
"7193","n","175"
"7656","n","176"
"7371","n","177"
"7407","n","178"
"7461","n","179"
"7474","a","180"
"7475","n","181"
"7480","n","182"
"7503","n","183"
"7388","v","184"
"7388","v","185"
"7397","n","186"
"12320","v","187"
"7642","n","188"
"7656","n","189"
"7700","v","190"
"7742","n","192"
"7762","v","193"
"7764","n","194"
"7837","n","195"
"7762","v","196"
"112890","n","198"
"112890","n","199"
"8232","n","200"
"8412","a","201"
"8412","a","202"
"8517","n","204"
"8570","n","205"
"8581","n","208"
"8617","a","209"
"8617","a","210"
"8606","n","211"
"8709","n","213"
"8708","n","214"
"8714","n","215"
"8792","a","216"
"8773","n","217"
"8797","n","217"
"9006","n","218"
"9095","n","219"
"40367","v","220"
"9220","n","221"
"9223","n","222"
"9501","n","224"
"9517","v","225"
"9537","a","226"
"9699","n","228"
"9781","n","229"
"45300","n","230"
"9793","n","232"
"9817","n","233"
"9828","n","234"
"9830","n","234"
"9977","n","235"
"9979","n","236"
"10059","n","237"
"9967","n","238"
"10183","v","239"
"10183","v","240"
"10233","n","241"
"10266","v","242"
"10266","v","243"
"10311","n","244"
"10341","n","244"
"10328","n","245"
"10494","v","246"
"10525","v","247"
"10525","v","248"
"10549","n","249"
"10550","n","249"
"10591","n","251"
"10635","v","254"
"10635","v","255"
"10649","a","256"
"10696","v","257"
"10696","v","258"
"10765","n","259"
"13716","v","261"
"10826","v","262"
"10843","a","263"
"10843","a","264"
"10826","v","265"
"10891","n","267"
"11039","a","268"
"11039","a","269"
"11086","n","270"
"11130","v","271"
"11130","v","272"
"11137","a","273"
"11137","a","274"
"11183","n","275"
"11223","n","276"
"11259","v","277"
"11259","a","278"
"11259","a","279"
"11243","n","280"
"11193","n","281"
"11295","n","282"
"11193","v","283"
"11193","v","284"
"11550","a","285"
"11599","a","287"
"11599","a","288"
"11685","n","289"
"11416","v","290"
"11693","v","291"
"11693","v","292"
"11416","v","293"
"11790","n","294"
"11886","n","294"
"11794","n","295"
"11794","n","296"
"11860","n","297"
"11862","v","298"
"11873","n","299"
"11961","n","300"
"11996","n","301"
"12016","n","303"
"12006","v","304"
"12235","a","305"
"12235","a","306"
"12006","v","307"
"12260","a","310"
"12260","a","311"
"12296","a","312"
"12302","v","313"
"12302","v","314"
"12384","a","315"
"12384","a","316"
"12382","n","317"
"12625","n","317"
"12491","a","318"
"12491","a","319"
"12492","v","320"
"12506","a","321"
"12510","v","322"
"12541","v","323"
"12522","n","324"
"12580","v","325"
"12586","v","329"
"12586","v","330"
"12586","v","331"
"12626","v","332"
"12626","v","333"
"12637","v","334"
"12637","v","335"
"12731","a","336"
"12731","a","337"
"12320","v","338"
"12753","a","339"
"12753","a","340"
"12695","n","341"
"12768","v","342"
"12768","v","343"
"12769","v","344"
"12769","v","345"
"12772","v","346"
"12772","v","347"
"12809","v","348"
"12789","v","349"
"12789","v","350"
"12787","v","351"
"12787","v","352"
"12809","v","353"
"12789","v","355"
"12789","v","356"
"12809","v","357"
"12863","v","358"
"12863","v","359"
"12880","v","361"
"12880","v","362"
"13026","v","363"
"13037","v","364"
"13037","v","365"
"12928","v","366"
"13161","v","369"
"13161","v","370"
"13118","v","372"
"13375","v","373"
"13401","v","375"
"13397","v","376"
"13415","v","377"
"13415","v","378"
"58843","a","379"
"143642","r","379"
"13449","v","380"
"13449","v","381"
"13455","v","382"
"13456","v","383"
"13456","v","384"
"13456","v","385"
"13507","v","387"
"13459","v","389"
"58843","a","390"
"143642","a","390"
"143642","r","390"
"13459","v","391"
"13562","v","392"
"13562","v","393"
"13621","v","395"
"13621","v","396"
"13655","n","397"
"13670","n","398"
"13671","n","398"
"13716","v","399"
"13716","v","400"
"13752","a","401"
"13752","a","402"
"13851","n","403"
"13925","n","406"
"13975","n","407"
"13994","v","409"
"13994","v","410"
"14371","v","414"
"14370","a","415"
"14370","a","416"
"14376","a","417"
"14361","v","418"
"14371","v","419"
"14433","a","420"
"14433","a","421"
"14361","v","422"
"14448","v","423"
"14448","v","424"
"14461","v","425"
"14461","v","426"
"14684","v","427"
"14706","n","428"
"14704","n","429"
"14723","v","430"
"14723","v","431"
"14845","n","432"
"14883","n","433"
"14885","v","434"
"14885","v","435"
"14926","a","436"
"14926","a","437"
"14935","v","438"
"14969","v","439"
"15238","v","440"
"15042","v","443"
"15042","v","444"
"15071","v","445"
"15071","v","446"
"15206","v","447"
"15206","a","448"
"15206","a","449"
"15201","a","450"
"15201","a","451"
"15227","v","452"
"15227","v","453"
"15256","n","454"
"15274","a","455"
"15274","a","456"
"15238","v","458"
"15270","a","460"
"15270","a","461"
"15275","a","462"
"15275","a","463"
"15278","v","464"
"15278","v","465"
"15404","v","466"
"15404","v","467"
"15426","n","468"
"15286","a","469"
"15286","a","470"
"15480","v","471"
"15480","v","472"
"15538","n","473"
"15571","v","474"
"15571","v","475"
"15640","v","476"
"15706","v","477"
"15706","v","479"
"15706","v","481"
"15782","n","484"
"15798","n","485"
"15825","n","486"
"15962","n","487"
"15969","a","488"
"15979","n","489"
"16006","a","490"
"16006","a","491"
"15987","n","492"
"16000","a","493"
"16000","a","494"
"16111","n","497"
"16120","n","498"
"16172","v","499"
"16172","v","500"
"16188","a","501"
"16188","a","502"
"16189","v","503"
"16189","v","504"
"16202","n","505"
"12431","v","508"
"12431","v","509"
"12431","v","510"
"16301","a","511"
"16301","a","512"
"16318","a","513"
"16318","a","514"
"16357","a","516"
"16357","a","517"
"16360","a","518"
"18879","v","520"
"16485","a","521"
"16485","a","522"
"14013","v","523"
"16499","a","524"
"16577","a","525"
"16632","n","526"
"16653","n","527"
"16720","n","528"
"16774","v","529"
"16774","v","530"
"16831","n","531"
"16846","a","532"
"16846","a","533"
"16887","n","534"
"16926","n","535"
"17219","n","535"
"16986","a","538"
"16986","a","539"
"16998","n","540"
"17005","n","541"
"17012","a","542"
"17012","a","543"
"17199","v","547"
"17210","a","548"
"17210","a","549"
"17211","n","550"
"17729","n","551"
"17233","v","552"
"17233","v","553"
"17368","v","554"
"17368","v","555"
"17412","a","556"
"17412","a","557"
"17488","a","558"
"17546","n","559"
"17548","a","560"
"17556","n","561"
"17075","v","562"
"17075","v","563"
"17663","n","564"
"17690","a","565"
"17694","a","566"
"17694","a","567"
"17730","n","568"
"17383","v","569"
"17744","v","570"
"17942","n","572"
"17970","a","573"
"17970","a","574"
"17972","n","575"
"18042","n","577"
"18050","v","578"
"18050","v","579"
"18083","n","580"
"18130","v","581"
"18143","a","582"
"18143","a","583"
"18130","v","584"
"18153","v","585"
"18220","a","586"
"18220","a","587"
"18242","n","588"
"18248","v","589"
"18294","v","590"
"18291","v","591"
"18291","v","592"
"18301","v","595"
"18301","v","596"
"18309","v","597"
"18309","v","598"
"18339","a","599"
"18339","a","600"
"18352","a","601"
"18352","a","602"
"18437","n","604"
"18438","n","605"
"18595","v","606"
"18502","a","607"
"18502","a","608"
"18513","v","609"
"18415","v","610"
"18567","a","611"
"18567","a","612"
"18415","v","613"
"18568","n","614"
"18584","a","615"
"18640","v","618"
"18640","v","619"
"18651","a","620"
"18651","a","621"
"18723","v","622"
"18723","a","623"
"18723","a","624"
"18598","n","625"
"18716","a","626"
"18722","a","627"
"18722","a","628"
"18803","n","629"
"18966","v","630"
"18978","n","631"
"19027","v","632"
"19027","v","633"
"19134","n","634"
"19150","v","635"
"19158","v","635"
"19150","v","636"
"19158","v","636"
"19150","v","637"
"19158","v","637"
"19182","n","638"
"19188","n","639"
"19220","n","640"
"19246","a","641"
"19246","a","642"
"19318","n","643"
"19335","n","645"
"19713","n","646"
"19352","v","647"
"19392","n","648"
"19443","n","651"
"19626","n","652"
"19424","n","653"
"19739","n","654"
"19760","n","655"
"27533","v","656"
"19795","n","657"
"19862","a","658"
"19958","n","659"
"19952","v","660"
"19952","v","661"
"19995","v","662"
"19995","v","663"
"20021","n","664"
"20061","v","665"
"19905","v","667"
"20180","a","668"
"20180","a","669"
"19905","v","670"
"20205","v","671"
"20224","a","672"
"20235","n","673"
"20257","a","674"
"20257","a","675"
"20720","n","678"
"20602","n","679"
"20280","v","680"
"20280","v","681"
"20637","n","682"
"20849","n","684"
"20881","v","685"
"20881","v","686"
"20904","n","687"
"21060","n","688"
"21468","n","689"
"21094","v","690"
"21094","v","691"
"21097","n","692"
"21176","v","694"
"21220","n","695"
"21197","v","696"
"21197","v","697"
"21306","n","698"
"21346","v","700"
"21479","n","702"
"21479","n","703"
"21670","a","705"
"21707","n","706"
"21799","n","710"
"21878","a","711"
"21878","a","712"
"21909","n","713"
"21923","n","714"
"21961","n","716"
"21987","v","717"
"21987","v","718"
"22005","n","719"
"21728","v","720"
"22030","a","721"
"22030","a","722"
"21728","v","723"
"22059","n","724"
"21851","v","725"
"22136","n","729"
"22143","v","730"
"22143","v","731"
"22220","n","733"
"22382","n","735"
"22469","n","736"
"22587","n","737"
"22628","a","739"
"22673","n","740"
"22673","n","741"
"22704","n","743"
"22729","n","744"
"22776","v","745"
"22805","n","746"
"22909","n","750"
"22979","n","751"
"22982","n","752"
"61493","n","753"
"23108","a","755"
"23108","a","756"
"23163","v","757"
"23163","v","758"
"23206","n","759"
"23207","n","760"
"23208","n","761"
"23199","v","762"
"23199","v","763"
"23447","a","764"
"23447","a","765"
"23228","v","766"
"23228","v","767"
"23454","n","768"
"23460","n","769"
"23478","n","770"
"23474","v","771"
"23497","a","772"
"23497","a","773"
"23474","v","774"
"23587","a","777"
"23587","a","778"
"23603","a","779"
"23603","a","780"
"23624","a","781"
"23624","a","782"
"23645","n","784"
"23650","n","785"
"23808","n","786"
"23853","a","787"
"23853","a","788"
"23857","n","789"
"24324","v","790"
"24324","v","791"
"24324","v","792"
"23882","a","793"
"23882","a","794"
"23894","n","795"
"23899","n","796"
"23975","v","797"
"23975","v","798"
"24010","n","799"
"24080","a","800"
"24075","n","801"
"24080","a","802"
"24122","v","804"
"24122","v","805"
"24235","a","806"
"24235","a","807"
"24242","v","808"
"24242","v","811"
"24289","v","812"
"24289","v","813"
"24303","v","815"
"24303","v","816"
"24324","v","817"
"24324","v","819"
"24324","v","820"
"24324","v","822"
"24342","n","823"
"24342","n","824"
"24510","v","825"
"24516","n","826"
"24527","a","827"
"24527","a","828"
"24528","v","829"
"24548","a","830"
"24548","a","831"
"24528","v","832"
"24552","n","833"
"24523","v","835"
"24523","v","836"
"24608","n","837"
"24786","n","839"
"24848","a","840"
"24848","a","841"
"24865","v","844"
"24865","v","845"
"24876","v","846"
"24880","a","847"
"24880","a","848"
"24876","v","849"
"24888","a","850"
"24888","a","851"
"24947","n","854"
"24969","n","856"
"24973","n","857"
"24976","n","858"
"24981","n","859"
"25037","n","861"
"25043","n","862"
"25087","n","863"
"25090","n","864"
"25231","n","865"
"25227","n","866"
"25229","n","867"
"25246","n","868"
"25253","n","869"
"25278","v","870"
"26259","v","871"
"25433","v","872"
"25462","v","873"
"25473","a","874"
"25473","a","875"
"25462","v","876"
"25508","v","879"
"25508","v","880"
"25534","v","881"
"25548","n","882"
"25727","a","883"
"25727","a","884"
"25720","v","885"
"25815","a","886"
"25815","a","887"
"25857","v","888"
"25909","n","891"
"26023","n","896"
"26064","v","897"
"26064","v","898"
"26103","n","900"
"26138","v","901"
"26138","v","902"
"26162","v","903"
"26162","v","904"
"26247","n","905"
"26253","v","906"
"26253","v","907"
"26309","a","908"
"26309","a","909"
"25857","v","910"
"25857","v","911"
"26327","n","912"
"26347","v","913"
"26364","a","914"
"26364","a","915"
"26347","v","916"
"26383","a","917"
"26383","a","918"
"26019","v","919"
"26433","n","920"
"29737","v","924"
"29737","v","925"
"29737","v","926"
"29737","v","927"
"26483","v","928"
"26483","v","929"
"26510","n","930"
"26666","n","932"
"26672","n","933"
"26681","n","934"
"26749","a","935"
"26749","a","936"
"26790","v","938"
"26790","v","939"
"26806","a","940"
"26809","n","941"
"26808","n","942"
"26818","v","943"
"26850","n","944"
"26931","v","946"
"26931","v","947"
"26968","n","948"
"26997","v","950"
"26997","v","951"
"27268","n","952"
"27253","v","955"
"27253","a","956"
"27253","a","957"
"27246","n","958"
"27254","n","960"
"27268","n","961"
"27366","n","962"
"27422","n","963"
"27440","n","964"
"27458","n","965"
"27467","n","966"
"27477","v","967"
"27477","v","968"
"27583","n","969"
"27588","a","970"
"27588","a","971"
"27615","a","972"
"27615","a","973"
"27616","n","974"
"27619","n","974"
"27657","n","975"
"27749","v","976"
"27749","v","977"
"28158","v","978"
"28158","v","979"
"28252","v","980"
"28251","v","981"
"28251","v","982"
"28512","n","984"
"28513","n","985"
"28519","n","987"
"28568","v","988"
"28568","v","989"
"28681","v","992"
"28681","v","993"
"28701","v","994"
"28701","v","995"
"28713","n","996"
"28842","n","997"
"28908","n","998"
"28943","n","999"
"28430","v","1000"
"28430","v","1001"
"29022","n","1002"
"29132","n","1003"
"29388","n","1005"
"29451","n","1006"
"29490","v","1007"
"29490","v","1008"
"29646","n","1010"
"29851","v","1012"
"29757","v","1013"
"29757","v","1014"
"29844","n","1015"
"29869","v","1016"
"29869","v","1017"
"30008","n","1019"
"30083","n","1020"
"30147","a","1021"
"30147","a","1022"
"30135","n","1023"
"30151","n","1024"
"30209","n","1025"
"30216","n","1026"
"30219","n","1027"
"30227","v","1028"
"30227","v","1029"
"30265","n","1030"
"30313","n","1031"
"30337","n","1032"
"30510","a","1035"
"30510","a","1036"
"30479","n","1037"
"30498","a","1038"
"30498","a","1039"
"30506","a","1040"
"30649","v","1042"
"30649","v","1043"
"30716","a","1044"
"30741","v","1045"
"30741","v","1046"
"30758","v","1047"
"30758","v","1048"
"30870","v","1049"
"30870","v","1050"
"30881","a","1051"
"30881","a","1052"
"30982","n","1055"
"31020","n","1056"
"31040","a","1057"
"31040","a","1058"
"31049","v","1059"
"31069","a","1060"
"31069","a","1061"
"31049","v","1062"
"31091","a","1063"
"31120","a","1064"
"31120","a","1065"
"31124","a","1066"
"31124","a","1067"
"31129","v","1069"
"31129","v","1070"
"31171","n","1071"
"31181","a","1072"
"31181","a","1073"
"31184","v","1074"
"31184","v","1075"
"31214","a","1077"
"31255","n","1078"
"31265","n","1081"
"31271","a","1082"
"31271","a","1083"
"31297","a","1084"
"31300","a","1085"
"31300","a","1086"
"31341","n","1087"
"31415","a","1088"
"31415","a","1089"
"31423","n","1090"
"31384","v","1091"
"31470","n","1092"
"31520","v","1093"
"31520","v","1094"
"32028","v","1096"
"31599","n","1097"
"31609","a","1098"
"31609","a","1099"
"31618","n","1102"
"31719","v","1103"
"31719","v","1104"
"31807","v","1105"
"31811","v","1106"
"32025","n","1107"
"31961","v","1108"
"31990","a","1111"
"31990","a","1112"
"31992","a","1113"
"31992","a","1114"
"32000","n","1115"
"32023","a","1117"
"32023","a","1118"
"32028","n","1120"
"32028","n","1121"
"32149","n","1122"
"32163","v","1123"
"32163","v","1124"
"32269","v","1126"
"32269","v","1127"
"32289","n","1128"
"32343","n","1131"
"32383","n","1132"
"32380","n","1133"
"32419","v","1135"
"32419","v","1136"
"32407","v","1137"
"32407","v","1138"
"32494","v","1139"
"32494","v","1140"
"32494","v","1141"
"32499","n","1142"
"32524","a","1143"
"32524","a","1144"
"32556","n","1145"
"32561","v","1146"
"32567","v","1147"
"32603","v","1148"
"32612","v","1149"
"32612","v","1150"
"32675","a","1152"
"32732","a","1153"
"32742","n","1154"
"32738","n","1155"
"32688","v","1156"
"32769","n","1157"
"32903","n","1158"
"32909","n","1159"
"32946","n","1160"
"32946","n","1161"
"32947","n","1162"
"32951","n","1163"
"33192","v","1166"
"33192","v","1167"
"33249","n","1168"
"33262","v","1171"
"33262","v","1172"
"33274","n","1173"
"33296","a","1174"
"33296","a","1175"
"33355","v","1176"
"33369","v","1177"
"33369","v","1178"
"33444","n","1180"
"33488","a","1181"
"33488","a","1182"
"33483","v","1183"
"33758","n","1186"
"33776","n","1187"
"34032","a","1190"
"34032","a","1191"
"34055","a","1192"
"34057","n","1193"
"34053","v","1194"
"34121","v","1195"
"34121","v","1196"
"34170","v","1197"
"34170","v","1198"
"34193","v","1202"
"34252","n","1204"
"34276","n","1205"
"34349","v","1206"
"34406","v","1207"
"34406","v","1208"
"34442","v","1209"
"34518","v","1210"
"34518","v","1211"
"34518","v","1212"
"34503","v","1213"
"34519","r","1214"
"34629","v","1215"
"34629","v","1216"
"34714","v","1217"
"34716","v","1220"
"34716","v","1221"
"34716","v","1222"
"34760","v","1223"
"34774","v","1224"
"34902","n","1225"
"35005","v","1228"
"35005","v","1229"
"35086","v","1230"
"35087","v","1231"
"35087","v","1232"
"35096","v","1233"
"35123","v","1235"
"35253","v","1236"
"35167","v","1237"
"35103","v","1238"
"35103","v","1239"
"35514","n","1241"
"35577","v","1242"
"35619","a","1243"
"35637","n","1244"
"35698","n","1245"
"35820","v","1246"
"35820","v","1247"
"35867","v","1248"
"35969","n","1249"
"35943","v","1250"
"35943","v","1251"
"35991","v","1252"
"36032","a","1253"
"36032","a","1254"
"36109","n","1255"
"36109","n","1256"
"36115","n","1257"
"36132","v","1258"
"36132","v","1259"
"36138","v","1260"
"36138","v","1261"
"36158","n","1262"
"36221","n","1263"
"36236","n","1265"
"36242","n","1267"
"36243","n","1268"
"36250","n","1269"
"36261","n","1270"
"36269","n","1273"
"36294","a","1275"
"36294","a","1276"
"36373","n","1277"
"38006","v","1278"
"36404","n","1279"
"36429","n","1280"
"36445","n","1281"
"36476","n","1282"
"36519","v","1283"
"36588","v","1284"
"36627","n","1285"
"36643","v","1286"
"36668","a","1288"
"36654","v","1289"
"36654","a","1290"
"36654","a","1291"
"36654","v","1292"
"36718","a","1293"
"36718","a","1294"
"36717","n","1295"
"36736","a","1296"
"36736","a","1297"
"36697","v","1298"
"36697","v","1299"
"36833","n","1300"
"36815","v","1301"
"36815","v","1304"
"36976","v","1306"
"36976","a","1307"
"36976","a","1308"
"37069","v","1311"
"37069","v","1312"
"37076","v","1313"
"37076","v","1314"
"37238","n","1315"
"37259","v","1317"
"37260","v","1318"
"37260","v","1319"
"37335","v","1324"
"37335","v","1325"
"37363","a","1326"
"37363","a","1327"
"37391","v","1328"
"37391","v","1329"
"37509","v","1330"
"37509","v","1331"
"37585","v","1332"
"37619","v","1333"
"37707","v","1334"
"37708","v","1334"
"37707","v","1335"
"37708","v","1335"
"37833","n","1336"
"37862","v","1337"
"37873","n","1338"
"37874","n","1339"
"37958","v","1340"
"37972","v","1341"
"37972","a","1342"
"37972","a","1343"
"37981","n","1344"
"37982","n","1344"
"38115","a","1345"
"38115","a","1346"
"38116","n","1347"
"38174","n","1348"
"38124","v","1349"
"38124","v","1350"
"38189","v","1351"
"38189","v","1352"
"38191","n","1353"
"38204","n","1354"
"38258","n","1355"
"38262","v","1356"
"38289","n","1357"
"38363","n","1358"
"38006","v","1359"
"38371","v","1360"
"38371","v","1361"
"38473","a","1362"
"38473","a","1363"
"38505","n","1364"
"38532","n","1365"
"38559","v","1366"
"38578","a","1367"
"38578","a","1368"
"38559","v","1369"
"38728","a","1370"
"38728","a","1371"
"37841","v","1375"
"38770","a","1376"
"38770","a","1377"
"38798","a","1380"
"38840","a","1381"
"38840","a","1382"
"38877","a","1383"
"38877","a","1384"
"38887","v","1385"
"38887","a","1386"
"38887","a","1387"
"38887","v","1388"
"38897","n","1389"
"38926","a","1390"
"38926","a","1391"
"38927","v","1392"
"38927","v","1395"
"39196","v","1396"
"39010","a","1397"
"39010","a","1398"
"39052","n","1399"
"39014","v","1400"
"39085","a","1401"
"39085","a","1402"
"39073","v","1403"
"39089","a","1404"
"39089","a","1405"
"39133","a","1408"
"39146","a","1409"
"39146","a","1410"
"39014","v","1411"
"39447","v","1412"
"39447","a","1413"
"39447","a","1414"
"39212","v","1415"
"39230","a","1416"
"39230","a","1417"
"39212","v","1418"
"39246","v","1419"
"39246","v","1420"
"39232","v","1421"
"39297","v","1422"
"39297","v","1423"
"39353","n","1424"
"39232","v","1425"
"39371","a","1426"
"39371","a","1427"
"39372","v","1428"
"39372","v","1429"
"39377","v","1430"
"39377","v","1431"
"39423","n","1432"
"39409","v","1433"
"39409","v","1434"
"39196","v","1435"
"39495","n","1436"
"39447","a","1437"
"39447","a","1438"
"39553","v","1439"
"39553","v","1440"
"39637","v","1441"
"39637","v","1442"
"36519","v","1443"
"39764","n","1444"
"39676","v","1445"
"39714","v","1446"
"39729","a","1447"
"39729","a","1448"
"39732","v","1449"
"39732","a","1450"
"39732","a","1451"
"39732","v","1452"
"39773","n","1453"
"39773","n","1454"
"39836","a","1456"
"39836","a","1457"
"39872","a","1458"
"39872","a","1459"
"39915","n","1461"
"39958","v","1462"
"39981","n","1463"
"36406","v","1464"
"40159","a","1465"
"40159","a","1466"
"40237","a","1467"
"40237","a","1468"
"40226","a","1469"
"40226","a","1470"
"40358","v","1471"
"40358","a","1472"
"40358","a","1473"
"40293","a","1474"
"40367","v","1476"
"40395","v","1477"
"40395","v","1478"
"40447","n","1479"
"40470","n","1481"
"40478","n","1482"
"40496","n","1483"
"40489","n","1484"
"40500","n","1485"
"40622","n","1486"
"40653","v","1487"
"40652","n","1488"
"40657","n","1489"
"40683","a","1490"
"40689","a","1491"
"40689","a","1492"
"40711","v","1493"
"40873","a","1494"
"40873","a","1495"
"40929","n","1496"
"41117","n","1500"
"41121","n","1501"
"41379","v","1502"
"41698","n","1504"
"41613","n","1506"
"41777","n","1507"
"41804","n","1508"
"41819","v","1509"
"41819","v","1510"
"41846","v","1511"
"41852","n","1512"
"41973","v","1516"
"41973","v","1517"
"42009","v","1518"
"42009","v","1519"
"42027","n","1520"
"42074","n","1521"
"42081","v","1522"
"42081","a","1523"
"42081","a","1524"
"42103","v","1525"
"42125","v","1526"
"42125","v","1527"
"42138","n","1528"
"42166","n","1529"
"42159","n","1530"
"42179","n","1532"
"42180","n","1533"
"42197","n","1534"
"42258","n","1535"
"42259","n","1536"
"42294","n","1537"
"42298","n","1538"
"42328","n","1539"
"42351","n","1540"
"42354","n","1543"
"42366","n","1545"
"42383","n","1546"
"42505","v","1547"
"42505","v","1548"
"42616","v","1550"
"42617","v","1550"
"42616","v","1551"
"42617","v","1551"
"42652","n","1554"
"42680","n","1555"
"42705","v","1556"
"42706","v","1556"
"42705","v","1557"
"42706","v","1557"
"42758","n","1559"
"42760","n","1559"
"42775","v","1562"
"42775","v","1563"
"42838","v","1564"
"42839","v","1566"
"42839","v","1567"
"42885","n","1569"
"42903","n","1571"
"42894","n","1572"
"42901","n","1573"
"42919","n","1575"
"42921","n","1576"
"42923","n","1577"
"42972","n","1580"
"42984","n","1581"
"42986","n","1582"
"43028","n","1584"
"43033","n","1585"
"43094","n","1587"
"43101","n","1588"
"43100","n","1589"
"43108","n","1590"
"43110","n","1590"
"43139","v","1592"
"43139","v","1593"
"43188","n","1594"
"43203","v","1595"
"43203","v","1596"
"43218","n","1597"
"43371","n","1598"
"43457","n","1599"
"43496","n","1600"
"43629","n","1601"
"43662","v","1602"
"43705","v","1603"
"43813","v","1606"
"43912","n","1607"
"43927","n","1608"
"44514","n","1611"
"44534","v","1612"
"44534","v","1613"
"44662","n","1614"
"44663","n","1615"
"44671","v","1617"
"44793","n","1618"
"44796","n","1619"
"44857","v","1620"
"44857","v","1621"
"45115","v","1622"
"45115","v","1623"
"45193","n","1624"
"45293","n","1625"
"45380","v","1627"
"45380","v","1628"
"45386","n","1629"
"45459","n","1630"
"45487","n","1631"
"45490","v","1632"
"45490","v","1633"
"45598","a","1634"
"45631","v","1635"
"45774","v","1637"
"47000","n","1638"
"47030","v","1639"
"47030","a","1640"
"47030","a","1641"
"47001","v","1642"
"47001","v","1643"
"47070","v","1644"
"47151","n","1646"
"47153","n","1647"
"47080","r","1648"
"47174","n","1649"
"47178","n","1650"
"47292","n","1651"
"47319","n","1652"
"47248","v","1653"
"47248","a","1654"
"47248","a","1655"
"47328","a","1656"
"47328","a","1657"
"47248","v","1658"
"47356","a","1659"
"47356","a","1660"
"47358","n","1661"
"47454","v","1662"
"47454","v","1663"
"47500","n","1664"
"47581","v","1665"
"47571","v","1667"
"47581","v","1667"
"50110","n","1668"
"47620","a","1669"
"47620","a","1670"
"45631","v","1671"
"47656","n","1672"
"47656","n","1673"
"47662","a","1674"
"47599","v","1677"
"47733","n","1678"
"47758","n","1679"
"47759","n","1680"
"47814","n","1681"
"47818","n","1682"
"47868","v","1683"
"47916","n","1685"
"47993","n","1687"
"47998","n","1688"
"48001","v","1689"
"48001","v","1690"
"48048","n","1692"
"48061","n","1693"
"48215","n","1698"
"48266","v","1699"
"48266","v","1700"
"48438","n","1702"
"48327","n","1703"
"48349","n","1704"
"48381","v","1705"
"48418","a","1706"
"48418","a","1707"
"48433","a","1708"
"48433","a","1709"
"48439","n","1710"
"48441","v","1713"
"48441","v","1716"
"48858","a","1717"
"48875","n","1719"
"48959","a","1720"
"48959","a","1721"
"48957","n","1722"
"48980","n","1723"
"48990","v","1724"
"48990","a","1725"
"48990","a","1726"
"48990","v","1727"
"49084","a","1728"
"49084","a","1729"
"49116","n","1731"
"49095","v","1732"
"49095","v","1735"
"49127","n","1736"
"49139","a","1737"
"49139","a","1738"
"49141","n","1739"
"49166","n","1740"
"49172","n","1741"
"49189","v","1744"
"49189","v","1745"
"49198","v","1746"
"49198","v","1747"
"49233","a","1748"
"49244","a","1749"
"49244","a","1750"
"49282","n","1751"
"49281","n","1752"
"49247","v","1753"
"49247","a","1754"
"49247","a","1755"
"49247","v","1756"
"49309","a","1757"
"49309","a","1758"
"49371","v","1759"
"49374","a","1762"
"49374","a","1763"
"49399","a","1764"
"49399","a","1765"
"49398","a","1766"
"49398","a","1767"
"49402","n","1768"
"49403","n","1769"
"49801","v","1770"
"49447","a","1771"
"49447","a","1772"
"49437","n","1773"
"49449","v","1774"
"49449","v","1775"
"49452","a","1776"
"49452","a","1777"
"49470","a","1778"
"49470","a","1779"
"49479","v","1780"
"49479","v","1781"
"49471","v","1782"
"49471","v","1783"
"49491","v","1784"
"49491","v","1786"
"49514","a","1787"
"49514","a","1788"
"49525","v","1791"
"49525","v","1792"
"49540","v","1793"
"49561","v","1794"
"49563","a","1795"
"49563","a","1796"
"49561","v","1797"
"49565","n","1798"
"49601","n","1800"
"49612","a","1801"
"49612","a","1802"
"49801","v","1804"
"49691","v","1805"
"49691","v","1806"
"49706","a","1807"
"49706","a","1808"
"49722","a","1809"
"49722","a","1810"
"49460","v","1811"
"49773","v","1812"
"49872","n","1815"
"49895","a","1816"
"49895","a","1817"
"49896","v","1818"
"49896","v","1819"
"49911","n","1820"
"49940","v","1821"
"49947","a","1822"
"49947","a","1823"
"49940","v","1824"
"49968","a","1825"
"49989","n","1826"
"50006","a","1827"
"50006","a","1828"
"50102","a","1829"
"50102","a","1830"
"50174","v","1831"
"50174","v","1832"
"50629","n","1833"
"50222","n","1834"
"50232","v","1835"
"50232","v","1836"
"50232","v","1837"
"50232","v","1838"
"50229","v","1839"
"50229","v","1840"
"50250","v","1841"
"50263","n","1842"
"50284","a","1845"
"50307","n","1848"
"50310","v","1849"
"50343","a","1850"
"50345","v","1851"
"50345","v","1852"
"50374","v","1855"
"50374","v","1856"
"50382","v","1857"
"50389","a","1860"
"50407","v","1862"
"50310","v","1863"
"50445","v","1864"
"50434","v","1865"
"50445","v","1866"
"50451","v","1867"
"50434","v","1868"
"50434","v","1869"
"50498","v","1870"
"50498","v","1871"
"50528","n","1873"
"50541","n","1874"
"50545","v","1875"
"50545","v","1876"
"50550","v","1879"
"50550","v","1880"
"50582","v","1882"
"50451","v","1883"
"50644","n","1884"
"48277","v","1885"
"48501","v","1886"
"50714","a","1887"
"50811","n","1888"
"50845","a","1890"
"50845","a","1891"
"50844","v","1892"
"50844","v","1893"
"51049","v","1897"
"51049","v","1898"
"51069","n","1901"
"51107","a","1902"
"51107","a","1903"
"51146","a","1904"
"51146","a","1905"
"51268","v","1906"
"51350","v","1910"
"51357","v","1912"
"51371","n","1913"
"51404","v","1914"
"51404","v","1915"
"51428","n","1916"
"51765","v","1918"
"51469","a","1919"
"51469","a","1920"
"51502","n","1923"
"51544","a","1924"
"51544","a","1925"
"51571","v","1928"
"51571","v","1929"
"51580","a","1930"
"51580","a","1931"
"51579","a","1932"
"51579","a","1933"
"51595","n","1934"
"51586","v","1935"
"51586","v","1936"
"51600","v","1937"
"51600","v","1938"
"51678","a","1940"
"51678","a","1941"
"51695","a","1944"
"51695","a","1945"
"51697","a","1946"
"51697","a","1947"
"51263","v","1948"
"51263","v","1949"
"51710","v","1950"
"51749","a","1951"
"51749","a","1952"
"51762","n","1953"
"51798","n","1954"
"51809","v","1955"
"51809","v","1956"
"51857","n","1957"
"51858","v","1958"
"51859","v","1958"
"51858","v","1959"
"51859","v","1959"
"52021","n","1961"
"52047","n","1962"
"52058","n","1963"
"52063","a","1964"
"52063","a","1965"
"51969","v","1966"
"52064","v","1967"
"52064","v","1968"
"52072","a","1969"
"52072","a","1970"
"51969","v","1971"
"52094","n","1973"
"52081","v","1975"
"52127","a","1976"
"52127","a","1977"
"52081","v","1978"
"47080","r","1979"
"52171","a","1980"
"52171","a","1981"
"52174","a","1982"
"52174","a","1983"
"52203","a","1984"
"52203","a","1985"
"52234","a","1986"
"52234","a","1987"
"52257","v","1988"
"52257","v","1989"
"52290","v","1990"
"52290","v","1991"
"52320","v","1992"
"52367","n","1993"
"52517","v","1995"
"52517","v","1996"
"52546","n","1997"
"52549","n","1998"
"52577","a","1999"
"52577","a","2000"
"52495","v","2002"
"52572","a","2003"
"52572","a","2004"
"52495","v","2005"
"57768","v","2006"
"52602","n","2007"
"52634","v","2010"
"52634","v","2011"
"52731","n","2012"
"52806","n","2013"
"52875","v","2014"
"52806","v","2015"
"52806","n","2016"
"52806","v","2016"
"52898","a","2017"
"52898","a","2018"
"52806","v","2019"
"52964","n","2020"
"52970","n","2021"
"53006","a","2022"
"53006","a","2023"
"53038","a","2024"
"53038","a","2025"
"57893","v","2026"
"53054","a","2027"
"53054","a","2028"
"53078","n","2029"
"53121","n","2030"
"58943","n","2031"
"53143","v","2032"
"53143","v","2033"
"53165","n","2034"
"53152","v","2035"
"53189","n","2036"
"53190","n","2037"
"53179","n","2039"
"53168","v","2040"
"53168","v","2041"
"53438","n","2042"
"53285","n","2044"
"53355","n","2045"
"53372","n","2049"
"53419","n","2050"
"53429","n","2052"
"53438","n","2053"
"57431","n","2056"
"57490","v","2058"
"57446","v","2059"
"57490","v","2061"
"57543","a","2062"
"57543","a","2063"
"57554","n","2064"
"57568","a","2065"
"57568","a","2066"
"57569","v","2067"
"57569","v","2068"
"57651","v","2069"
"57651","v","2070"
"57682","v","2071"
"57682","a","2072"
"57682","a","2073"
"57695","v","2076"
"57695","v","2077"
"57724","v","2078"
"57794","n","2079"
"57797","n","2080"
"57801","n","2081"
"57802","n","2082"
"57768","v","2083"
"57768","v","2084"
"57840","v","2085"
"57840","v","2086"
"57853","v","2088"
"57893","v","2089"
"57947","n","2090"
"57962","a","2091"
"57962","a","2092"
"57975","n","2093"
"58011","n","2094"
"58051","a","2095"
"58051","a","2096"
"58109","a","2097"
"58109","a","2098"
"58130","n","2099"
"58137","n","2100"
"58173","n","2101"
"58178","n","2102"
"58190","n","2103"
"58190","n","2104"
"58198","n","2105"
"58193","v","2106"
"58193","v","2107"
"58204","a","2108"
"58204","a","2109"
"58220","v","2110"
"58213","v","2111"
"58227","n","2112"
"58245","a","2113"
"58245","a","2114"
"58254","n","2115"
"58298","a","2116"
"58298","a","2117"
"58321","n","2119"
"58303","v","2120"
"58303","v","2121"
"58395","v","2122"
"58412","n","2123"
"58508","n","2124"
"58547","n","2126"
"58563","a","2127"
"58563","a","2128"
"58574","a","2129"
"58418","n","2130"
"58435","v","2131"
"58435","v","2132"
"58600","n","2133"
"58727","n","2134"
"58418","v","2137"
"58435","v","2138"
"58820","a","2139"
"58829","n","2140"
"58833","n","2142"
"58914","a","2143"
"58914","a","2144"
"58929","a","2146"
"58929","a","2147"
"58922","a","2148"
"58922","a","2149"
"58960","n","2152"
"58970","a","2153"
"58970","a","2154"
"59020","a","2156"
"59020","a","2157"
"57446","v","2159"
"57490","v","2161"
"57446","v","2162"
"59122","n","2164"
"59130","n","2165"
"59137","n","2166"
"59139","v","2167"
"59139","v","2168"
"59191","a","2171"
"59213","n","2172"
"59216","n","2173"
"59237","a","2174"
"59237","a","2175"
"59330","n","2176"
"59378","n","2177"
"59401","n","2178"
"59498","a","2179"
"59498","a","2180"
"59511","v","2181"
"59526","v","2183"
"59526","v","2184"
"59522","v","2185"
"59654","a","2186"
"59654","a","2187"
"59800","a","2188"
"59800","a","2189"
"60366","v","2190"
"60109","a","2192"
"60109","a","2193"
"60121","v","2194"
"60121","v","2195"
"60140","v","2196"
"60140","v","2197"
"60140","v","2198"
"60153","a","2199"
"60153","a","2200"
"60161","v","2201"
"60165","a","2202"
"60165","a","2203"
"60161","v","2204"
"60169","a","2205"
"60169","a","2206"
"60186","a","2207"
"60186","a","2208"
"60204","a","2209"
"60204","a","2210"
"60231","n","2211"
"60240","a","2212"
"60240","a","2213"
"60239","n","2214"
"60122","v","2215"
"60304","a","2216"
"60348","a","2217"
"60359","v","2220"
"60359","v","2221"
"60366","v","2222"
"60391","v","2223"
"60397","a","2224"
"60397","a","2225"
"60391","v","2226"
"60426","a","2227"
"60426","a","2228"
"60483","v","2229"
"60539","a","2230"
"60584","n","2232"
"60605","a","2233"
"60605","a","2234"
"60637","n","2235"
"60686","v","2236"
"60729","n","2237"
"60695","v","2238"
"60736","a","2239"
"60736","a","2240"
"60695","v","2241"
"60743","v","2242"
"60743","v","2243"
"60804","n","2245"
"60812","a","2246"
"60812","a","2247"
"60845","a","2248"
"60845","a","2249"
"60858","a","2250"
"60858","a","2251"
"60903","n","2253"
"60960","n","2258"
"60960","n","2259"
"60967","v","2260"
"60967","v","2261"
"61005","n","2262"
"61099","v","2263"
"62318","v","2264"
"61111","n","2269"
"61151","n","2270"
"61152","n","2271"
"61163","n","2273"
"61172","n","2274"
"61188","n","2275"
"61212","n","2277"
"61223","n","2278"
"61224","n","2279"
"61225","n","2279"
"61224","n","2280"
"61319","a","2281"
"61319","a","2282"
"61341","n","2283"
"61372","n","2284"
"61458","n","2285"
"61463","a","2286"
"61493","n","2287"
"61493","n","2288"
"61517","n","2289"
"61521","n","2290"
"61546","a","2291"
"61546","n","2292"
"61547","n","2292"
"61378","n","2293"
"61552","v","2294"
"61616","a","2295"
"61616","a","2296"
"61552","v","2297"
"61623","v","2298"
"61717","v","2303"
"61717","v","2304"
"61779","a","2305"
"61779","a","2306"
"61801","n","2309"
"61865","n","2310"
"61885","a","2311"
"61885","a","2312"
"61915","r","2313"
"61915","r","2314"
"62020","a","2315"
"62020","a","2316"
"62029","n","2317"
"62160","v","2318"
"62318","v","2320"
"62221","n","2324"
"62229","n","2325"
"62244","a","2326"
"62244","a","2327"
"62258","v","2328"
"62258","v","2329"
"62248","v","2330"
"62248","v","2331"
"62291","a","2332"
"62291","a","2333"
"62309","n","2335"
"62445","a","2339"
"62445","a","2340"
"62509","a","2342"
"62563","a","2343"
"62563","a","2344"
"62595","a","2345"
"62595","a","2346"
"62599","v","2347"
"62683","a","2348"
"62683","a","2349"
"62769","a","2350"
"62769","a","2351"
"62864","v","2353"
"62864","v","2354"
"62894","a","2355"
"62894","a","2356"
"62931","n","2357"
"64545","v","2358"
"63012","n","2360"
"63006","n","2361"
"63150","n","2362"
"63151","n","2363"
"63115","v","2367"
"63115","v","2368"
"63218","n","2369"
"63229","n","2370"
"63241","n","2371"
"63369","a","2374"
"63369","a","2375"
"63440","n","2378"
"63510","n","2381"
"63555","n","2383"
"63558","n","2384"
"63608","n","2385"
"63739","v","2388"
"63823","v","2390"
"63823","v","2391"
"63838","v","2392"
"63838","v","2393"
"64127","n","2397"
"64128","n","2398"
"64153","a","2400"
"64195","v","2401"
"64198","a","2402"
"64198","a","2403"
"64252","a","2404"
"64252","a","2405"
"64229","n","2406"
"64246","n","2407"
"64342","v","2409"
"64418","a","2410"
"64418","a","2411"
"64430","v","2412"
"64430","v","2413"
"64446","v","2414"
"64446","v","2415"
"64447","n","2416"
"64463","v","2417"
"64463","v","2418"
"64503","n","2421"
"64485","v","2422"
"64485","v","2423"
"64674","a","2425"
"64674","a","2426"
"64793","a","2427"
"64793","a","2428"
"64810","a","2429"
"64829","a","2430"
"64829","a","2431"
"64931","n","2432"
"64951","v","2433"
"65013","n","2434"
"65055","n","2435"
"65119","v","2436"
"65119","v","2437"
"65236","a","2438"
"65236","a","2439"
"65255","v","2441"
"65361","v","2442"
"65361","v","2443"
"65421","a","2446"
"65421","a","2447"
"65555","n","2450"
"65629","n","2451"
"62747","v","2452"
"65648","v","2453"
"65648","v","2454"
"65764","v","2455"
"65764","v","2456"
"65878","v","2457"
"65878","v","2458"
"65886","n","2459"
"65892","v","2460"
"65806","v","2461"
"65806","v","2462"
"61781","v","2465"
"65995","a","2466"
"66001","a","2467"
"66001","a","2468"
"66072","v","2469"
"66101","a","2470"
"66101","a","2471"
"66184","n","2472"
"66365","n","2474"
"66437","n","2475"
"66430","n","2476"
"66430","n","2477"
"66460","n","2478"
"66607","v","2480"
"66616","n","2481"
"66632","n","2482"
"66666","n","2483"
"66718","n","2486"
"66729","n","2487"
"66742","n","2488"
"66746","n","2489"
"66782","n","2490"
"66830","n","2491"
"66850","n","2492"
"67153","n","2493"
"66965","n","2494"
"66962","n","2495"
"66965","n","2495"
"67012","a","2496"
"67012","a","2497"
"66986","n","2499"
"67056","v","2501"
"67273","n","2503"
"67426","n","2504"
"67426","n","2505"
"67438","v","2506"
"67438","v","2507"
"67625","v","2508"
"67625","v","2509"
"67660","v","2510"
"67660","v","2511"
"67718","n","2512"
"67790","v","2514"
"68440","n","2516"
"68468","n","2517"
"68454","v","2518"
"68454","v","2519"
"68508","v","2520"
"68539","n","2521"
"68674","n","2522"
"68817","n","2523"
"68826","n","2524"
"68859","v","2525"
"69016","v","2526"
"69016","v","2527"
"69180","n","2528"
"69310","v","2530"
"69310","v","2531"
"69361","a","2532"
"69361","a","2533"
"69372","v","2534"
"69425","n","2535"
"69436","n","2536"
"69544","v","2539"
"69556","a","2540"
"69605","v","2541"
"69605","v","2542"
"69628","v","2543"
"69629","v","2543"
"69628","v","2544"
"69629","v","2544"
"69771","n","2546"
"69838","v","2547"
"69873","v","2548"
"69924","a","2552"
"69971","n","2556"
"69990","v","2557"
"70003","n","2558"
"70008","v","2559"
"70008","v","2560"
"69856","v","2562"
"70157","n","2564"
"69856","v","2565"
"70204","v","2566"
"70222","v","2567"
"70222","v","2568"
"70238","n","2569"
"70351","v","2570"
"70351","v","2571"
"70521","n","2573"
"70541","v","2574"
"70541","v","2575"
"70694","n","2578"
"70907","n","2579"
"12320","v","2580"
"70951","n","2581"
"71133","n","2582"
"71299","v","2583"
"71299","v","2584"
"71362","n","2587"
"71341","n","2588"
"71447","v","2589"
"71460","a","2590"
"71460","a","2591"
"71447","v","2592"
"71526","n","2593"
"71505","v","2594"
"71505","v","2597"
"71675","v","2598"
"71675","v","2599"
"71755","v","2600"
"71755","v","2601"
"71793","a","2602"
"71793","a","2603"
"71835","a","2604"
"71835","a","2605"
"71926","v","2606"
"71924","v","2607"
"71932","n","2608"
"71938","v","2609"
"71973","a","2610"
"71973","a","2611"
"72030","v","2613"
"72030","v","2614"
"72059","v","2616"
"72059","v","2617"
"72078","n","2618"
"72097","v","2619"
"72097","v","2620"
"72103","v","2621"
"72103","v","2622"
"72130","v","2623"
"72147","n","2624"
"72155","n","2625"
"72165","v","2626"
"72165","v","2627"
"72181","v","2628"
"72181","v","2629"
"72232","v","2633"
"72232","v","2634"
"72470","v","2635"
"72471","v","2636"
"72470","v","2637"
"72471","v","2638"
"72470","v","2639"
"72471","v","2640"
"72492","a","2641"
"72512","v","2642"
"72512","a","2643"
"72512","a","2644"
"72509","v","2645"
"72625","v","2646"
"72625","v","2647"
"72706","n","2652"
"72756","v","2653"
"72756","v","2654"
"72786","a","2655"
"72786","a","2656"
"72838","v","2657"
"72865","a","2658"
"72865","a","2659"
"72838","v","2660"
"72838","v","2661"
"73023","v","2663"
"73030","v","2664"
"73030","v","2665"
"73457","n","2670"
"73488","v","2671"
"73511","v","2672"
"73511","v","2673"
"73488","v","2674"
"73488","v","2675"
"73420","v","2676"
"73601","v","2677"
"73601","v","2678"
"73743","n","2679"
"73781","v","2680"
"73781","v","2681"
"73788","v","2682"
"73788","v","2683"
"73833","n","2684"
"73892","a","2685"
"73892","a","2686"
"73990","n","2687"
"74010","a","2689"
"74010","a","2690"
"74027","v","2691"
"74027","v","2692"
"74175","v","2693"
"74175","v","2694"
"74199","v","2695"
"74199","v","2696"
"74200","v","2697"
"74296","v","2698"
"74221","n","2699"
"74221","n","2700"
"74226","n","2701"
"74226","n","2702"
"74237","v","2703"
"74237","v","2704"
"74211","n","2705"
"74247","v","2706"
"74247","v","2707"
"74287","v","2708"
"74293","a","2709"
"74293","a","2710"
"74287","v","2711"
"74296","v","2712"
"74335","v","2715"
"74335","v","2716"
"74335","v","2717"
"74363","n","2718"
"74409","a","2719"
"74409","a","2720"
"74499","n","2721"
"74499","n","2722"
"74498","n","2723"
"74502","n","2724"
"74625","n","2725"
"74669","v","2728"
"74669","v","2729"
"74689","n","2730"
"74872","a","2732"
"74872","a","2733"
"74850","n","2734"
"74870","n","2735"
"74882","v","2737"
"74928","n","2738"
"74951","v","2742"
"74951","v","2743"
"76020","v","2744"
"77337","v","2745"
"75081","v","2750"
"75081","v","2751"
"75129","n","2752"
"75146","n","2753"
"75148","n","2754"
"75083","v","2755"
"75083","v","2756"
"75262","a","2757"
"75371","a","2758"
"75371","a","2759"
"75441","v","2760"
"75413","v","2763"
"75413","v","2764"
"75567","n","2765"
"75586","n","2766"
"75634","n","2767"
"75671","n","2770"
"75739","n","2771"
"75671","n","2773"
"75868","v","2774"
"75868","v","2775"
"75900","n","2776"
"77337","v","2777"
"76043","a","2779"
"76072","a","2782"
"76072","a","2783"
"76199","a","2784"
"76199","a","2785"
"76216","a","2786"
"76216","a","2787"
"76218","v","2788"
"76236","v","2789"
"76236","v","2790"
"76230","v","2791"
"76255","a","2792"
"76255","a","2793"
"76239","v","2794"
"76155","n","2795"
"76301","n","2795"
"76102","v","2799"
"76387","a","2800"
"76389","a","2801"
"76389","a","2802"
"76301","v","2803"
"76421","a","2805"
"76426","a","2806"
"76507","a","2808"
"76507","a","2809"
"77033","n","2810"
"76599","n","2811"
"76609","n","2812"
"76674","a","2814"
"76674","a","2815"
"76656","v","2816"
"76719","n","2817"
"76818","n","2819"
"76875","n","2821"
"76866","n","2822"
"76899","a","2823"
"76967","v","2824"
"77051","n","2825"
"77076","n","2826"
"77094","a","2827"
"77089","v","2828"
"77089","v","2829"
"77128","v","2830"
"77211","v","2831"
"77211","v","2832"
"77258","n","2833"
"77275","n","2834"
"79361","n","2835"
"77354","n","2836"
"77571","v","2837"
"77698","n","2839"
"77708","n","2842"
"77773","n","2844"
"77927","n","2845"
"77929","n","2846"
"77930","n","2847"
"78027","n","2848"
"78084","n","2849"
"78036","v","2850"
"78036","v","2853"
"78111","v","2854"
"78148","v","2855"
"78155","n","2856"
"78156","n","2857"
"117688","n","2858"
"117688","n","2859"
"77458","v","2860"
"78205","n","2861"
"78208","n","2861"
"78215","a","2862"
"78208","n","2863"
"78414","a","2864"
"78414","a","2865"
"78418","a","2866"
"77376","n","2867"
"78541","a","2869"
"78515","n","2870"
"78546","v","2871"
"78554","v","2872"
"78546","v","2873"
"78696","n","2874"
"78693","n","2875"
"78736","a","2876"
"78736","a","2877"
"78737","v","2878"
"78763","n","2879"
"78737","v","2880"
"78794","n","2881"
"78821","a","2882"
"78821","a","2883"
"78878","a","2885"
"78878","a","2886"
"78879","a","2887"
"79082","a","2892"
"79082","a","2893"
"79095","a","2894"
"79095","a","2895"
"79123","v","2896"
"79123","v","2897"
"79179","a","2898"
"79179","a","2899"
"79204","n","2900"
"79217","v","2901"
"79237","v","2902"
"79237","v","2903"
"79358","n","2904"
"79365","a","2905"
"79365","a","2906"
"79414","a","2907"
"79414","a","2908"
"79564","a","2909"
"79569","a","2910"
"79569","a","2911"
"79606","n","2912"
"79670","a","2914"
"79670","a","2915"
"79711","v","2916"
"79711","v","2917"
"79746","v","2918"
"79772","n","2920"
"79799","n","2921"
"79802","a","2922"
"79802","a","2923"
"79849","n","2924"
"79858","n","2927"
"79876","n","2928"
"79915","a","2929"
"79915","a","2930"
"79910","n","2931"
"77337","v","2932"
"80090","n","2933"
"80113","n","2934"
"80135","n","2935"
"80138","n","2936"
"80217","n","2937"
"80247","n","2939"
"80270","n","2940"
"80426","n","2946"
"80442","n","2947"
"80452","v","2948"
"80452","a","2949"
"80452","a","2950"
"80452","v","2951"
"80925","v","2952"
"80517","n","2953"
"80524","n","2954"
"80530","n","2955"
"80707","n","2956"
"80580","n","2957"
"80671","n","2958"
"80674","v","2959"
"80838","a","2961"
"80878","n","2962"
"80878","n","2963"
"77616","n","2964"
"81160","a","2965"
"81179","n","2966"
"79246","n","2968"
"81280","n","2971"
"81282","n","2972"
"81299","n","2973"
"81488","a","2975"
"81488","a","2976"
"81478","n","2977"
"81523","n","2978"
"81562","a","2979"
"81562","a","2980"
"81565","a","2981"
"81565","a","2982"
"81318","v","2983"
"81318","v","2984"
"81633","n","2986"
"81659","n","2987"
"81672","v","2988"
"81672","v","2989"
"81699","v","2990"
"81699","v","2991"
"81784","v","2992"
"81784","v","2993"
"81949","a","2997"
"82023","n","2998"
"81724","v","2999"
"82127","v","3000"
"81724","v","3001"
"82162","v","3002"
"82162","v","3003"
"82175","a","3004"
"82175","a","3005"
"82187","n","3006"
"82248","v","3007"
"82248","v","3008"
"82249","n","3009"
"82376","n","3010"
"82368","n","3011"
"82409","n","3011"
"82461","n","3014"
"82645","n","3015"
"82514","v","3016"
"82663","a","3017"
"82514","v","3018"
"82705","n","3019"
"82750","n","3022"
"82781","n","3023"
"82805","n","3024"
"82870","a","3025"
"82870","a","3026"
"82955","a","3027"
"82955","a","3028"
"82961","v","3029"
"82992","a","3030"
"82992","a","3031"
"83037","a","3032"
"83037","a","3033"
"83090","v","3034"
"83090","v","3035"
"83233","n","3036"
"83126","n","3038"
"83250","n","3039"
"83251","n","3040"
"83258","n","3041"
"83271","a","3042"
"83335","n","3044"
"83350","n","3045"
"83360","n","3046"
"83406","n","3047"
"83543","n","3049"
"83552","n","3050"
"81318","n","3051"
"81327","n","3052"
"81334","n","3053"
"81342","n","3054"
"81342","n","3055"
"83638","n","3056"
"81605","n","3057"
"83676","n","3058"
"83930","a","3059"
"83930","a","3060"
"80468","n","3061"
"80490","n","3062"
"84045","a","3066"
"84045","a","3067"
"86364","n","3068"
"84047","n","3069"
"83269","v","3070"
"84069","n","3071"
"84082","v","3072"
"84082","v","3073"
"84130","n","3074"
"84150","n","3076"
"84159","n","3077"
"84162","n","3078"
"84165","n","3080"
"84171","n","3081"
"84172","n","3082"
"84306","v","3083"
"84382","n","3084"
"84403","n","3085"
"87086","n","3086"
"84477","n","3088"
"84573","n","3090"
"84704","n","3091"
"84730","n","3092"
"82816","v","3095"
"84744","a","3096"
"84744","a","3097"
"84792","a","3098"
"84906","n","3099"
"84821","n","3100"
"84935","a","3104"
"84951","a","3106"
"84951","a","3107"
"84975","n","3108"
"85055","v","3109"
"85055","v","3110"
"85070","n","3111"
"85154","a","3112"
"85154","a","3113"
"85175","v","3114"
"85190","n","3115"
"85277","a","3117"
"85298","n","3118"
"85300","n","3119"
"85303","n","3120"
"85335","a","3123"
"85335","a","3124"
"85364","v","3125"
"85382","v","3127"
"85411","v","3128"
"85421","a","3129"
"85432","v","3130"
"85432","v","3131"
"85437","v","3132"
"85437","v","3133"
"85448","n","3135"
"85449","n","3135"
"85461","v","3136"
"85462","v","3137"
"85545","v","3139"
"85547","v","3140"
"85557","v","3141"
"85585","a","3142"
"85585","a","3143"
"85557","v","3144"
"85587","v","3145"
"85629","n","3146"
"85650","n","3147"
"85703","v","3148"
"85703","v","3149"
"85742","a","3150"
"85763","a","3151"
"85760","v","3152"
"85760","v","3153"
"85808","a","3154"
"85825","v","3155"
"85828","n","3156"
"85839","n","3157"
"85929","a","3158"
"85929","a","3159"
"85962","v","3160"
"83506","v","3161"
"86018","n","3162"
"86010","n","3163"
"86030","n","3164"
"86037","n","3165"
"86060","n","3165"
"86182","n","3166"
"86365","n","3171"
"86436","a","3173"
"86436","a","3174"
"86458","n","3176"
"86476","a","3177"
"86476","a","3178"
"86502","v","3179"
"86502","v","3180"
"86546","n","3182"
"86559","n","3183"
"86642","n","3186"
"86674","n","3188"
"86675","n","3188"
"86702","v","3189"
"86711","n","3190"
"86731","n","3192"
"86733","n","3193"
"86733","n","3194"
"86736","n","3195"
"86807","n","3196"
"86817","n","3197"
"86835","a","3198"
"86835","a","3199"
"86927","n","3200"
"86938","a","3201"
"86938","a","3202"
"87116","a","3203"
"87116","a","3204"
"87159","n","3207"
"87187","v","3208"
"87267","a","3209"
"87267","a","3210"
"87279","n","3211"
"87292","v","3213"
"87316","v","3214"
"87316","a","3215"
"87316","a","3216"
"87292","v","3217"
"87337","v","3220"
"87349","a","3221"
"87349","a","3222"
"87337","v","3223"
"87390","n","3224"
"87494","a","3226"
"87505","v","3227"
"87529","v","3228"
"87542","v","3229"
"87529","v","3230"
"87619","a","3232"
"87619","a","3233"
"87777","a","3234"
"87777","a","3235"
"87856","n","3236"
"87872","a","3237"
"87872","a","3238"
"87932","a","3239"
"87940","a","3240"
"87940","a","3241"
"87973","v","3242"
"88019","a","3243"
"88019","a","3244"
"88038","n","3245"
"88048","n","3247"
"88074","n","3249"
"88098","n","3250"
"88118","n","3251"
"88125","n","3252"
"88131","n","3253"
"88145","n","3254"
"88204","n","3255"
"88258","v","3256"
"88301","n","3258"
"88320","v","3259"
"88320","v","3260"
"88354","v","3262"
"88354","v","3263"
"88373","n","3264"
"88513","v","3266"
"88543","a","3267"
"88543","a","3268"
"88513","v","3269"
"88560","n","3270"
"88588","n","3271"
"88672","n","3272"
"88683","a","3273"
"88683","a","3274"
"88695","n","3275"
"88809","a","3276"
"88809","a","3277"
"88879","a","3278"
"88879","a","3279"
"88880","n","3280"
"88903","n","3282"
"88904","n","3283"
"88905","n","3284"
"89038","n","3285"
"89096","n","3286"
"89149","a","3287"
"89149","a","3288"
"89137","n","3289"
"89216","n","3292"
"89272","n","3293"
"89423","n","3295"
"89508","a","3296"
"89508","a","3297"
"89530","v","3298"
"89530","v","3299"
"89614","n","3300"
"89628","n","3301"
"89650","n","3302"
"89655","n","3303"
"89720","n","3304"
"89917","a","3305"
"89917","a","3306"
"89966","v","3307"
"89966","v","3308"
"89970","n","3309"
"89998","v","3310"
"89998","v","3311"
"90051","n","3314"
"90068","a","3317"
"90068","a","3318"
"90156","v","3319"
"90188","n","3320"
"90204","n","3321"
"90274","v","3323"
"90286","a","3324"
"90286","a","3325"
"90274","v","3326"
"90316","v","3327"
"90450","n","3330"
"90462","v","3331"
"90462","v","3332"
"90381","n","3334"
"90502","a","3335"
"90502","a","3336"
"90851","v","3341"
"90851","v","3342"
"90851","v","3343"
"91159","a","3345"
"91209","a","3346"
"91286","a","3347"
"91286","a","3348"
"91350","v","3350"
"91380","n","3351"
"91394","n","3352"
"91414","n","3353"
"91422","n","3354"
"91483","n","3356"
"91484","n","3357"
"91542","n","3358"
"91530","n","3359"
"91578","v","3360"
"91579","n","3361"
"91583","a","3362"
"91600","n","3363"
"91606","n","3364"
"91691","v","3365"
"91748","a","3366"
"91748","a","3367"
"91691","v","3368"
"91857","n","3370"
"91863","n","3371"
"91925","v","3373"
"91937","n","3374"
"91950","n","3375"
"91990","n","3376"
"92119","n","3377"
"92146","v","3378"
"92147","v","3379"
"92147","v","3380"
"92170","n","3382"
"92179","n","3383"
"92208","n","3386"
"92238","n","3387"
"92251","n","3388"
"40657","n","3390"
"92337","n","3390"
"43629","n","3391"
"92364","n","3391"
"92385","a","3392"
"92443","a","3392"
"92489","v","3393"
"92598","a","3394"
"92598","a","3395"
"92736","a","3396"
"92752","n","3397"
"92849","a","3399"
"92888","n","3400"
"92889","n","3401"
"92906","n","3402"
"92915","v","3403"
"92915","v","3404"
"92918","n","3405"
"92919","n","3406"
"93020","n","3407"
"93265","a","3410"
"93265","a","3411"
"93339","a","3412"
"93407","n","3414"
"93524","n","3415"
"93570","n","3416"
"94462","n","3417"
"94216","n","3418"
"94424","n","3420"
"94462","n","3421"
"94462","n","3423"
"94562","v","3424"
"94596","n","3425"
"94715","n","3427"
"94795","v","3428"
"94795","v","3429"
"94813","v","3431"
"94811","v","3432"
"94811","v","3433"
"94816","v","3434"
"94816","v","3435"
"94826","v","3436"
"94826","v","3437"
"94843","v","3438"
"94843","v","3439"
"94842","v","3440"
"94851","v","3444"
"94851","v","3445"
"94852","v","3446"
"94855","v","3447"
"94855","v","3448"
"94868","v","3449"
"94893","v","3452"
"94893","v","3453"
"94918","v","3454"
"94910","v","3455"
"94910","v","3456"
"94918","v","3457"
"94923","v","3458"
"94932","a","3460"
"94921","v","3461"
"94941","v","3462"
"94941","v","3463"
"94952","v","3465"
"94952","v","3466"
"94852","v","3468"
"94968","v","3469"
"94968","v","3470"
"94966","v","3471"
"94966","v","3472"
"95347","n","3473"
"95047","v","3474"
"95047","v","3475"
"95043","v","3478"
"95043","v","3479"
"95071","v","3481"
"95072","a","3482"
"95081","v","3483"
"95081","v","3484"
"95088","v","3485"
"95088","v","3486"
"95095","v","3487"
"95095","v","3488"
"95098","v","3489"
"95098","v","3490"
"95129","v","3491"
"95126","v","3492"
"95129","v","3492"
"95138","v","3493"
"95138","v","3494"
"95152","v","3495"
"95146","v","3496"
"95168","v","3497"
"95172","v","3498"
"95165","v","3499"
"95165","v","3500"
"95172","v","3501"
"95172","v","3502"
"95192","a","3505"
"95194","v","3506"
"95193","v","3507"
"95228","v","3508"
"95224","v","3509"
"95224","v","3510"
"95228","v","3511"
"95233","v","3512"
"95233","v","3513"
"95238","v","3515"
"95244","v","3516"
"95249","v","3517"
"95253","v","3518"
"95257","v","3520"
"95258","v","3521"
"95264","v","3522"
"95264","v","3523"
"95278","v","3524"
"95281","v","3525"
"95281","v","3526"
"95278","v","3527"
"95289","v","3528"
"95289","v","3529"
"95310","v","3531"
"95310","v","3532"
"95335","n","3533"
"95336","n","3534"
"95367","a","3535"
"95373","n","3536"
"95471","n","3537"
"95620","v","3538"
"95666","v","3539"
"95666","v","3540"
"95681","n","3541"
"97495","v","3542"
"95818","n","3543"
"95954","n","3545"
"95967","n","3546"
"95829","v","3547"
"96000","n","3548"
"96003","a","3549"
"96003","a","3550"
"95829","v","3551"
"96031","n","3552"
"96039","a","3553"
"96039","a","3554"
"96066","v","3556"
"96071","a","3557"
"96071","a","3558"
"96173","v","3561"
"96173","v","3562"
"96198","v","3564"
"96198","v","3565"
"96082","v","3566"
"96082","v","3567"
"96305","n","3568"
"96375","n","3569"
"96386","n","3570"
"96394","n","3571"
"96411","n","3572"
"96423","n","3576"
"96499","n","3578"
"96506","n","3578"
"96510","v","3579"
"96510","v","3580"
"96531","n","3581"
"96543","n","3582"
"96586","n","3584"
"96589","n","3585"
"96590","n","3586"
"96637","n","3590"
"96640","v","3591"
"96640","v","3592"
"96673","n","3593"
"96697","n","3595"
"96703","n","3596"
"96771","a","3598"
"96771","a","3599"
"96814","v","3600"
"96856","v","3601"
"96852","n","3602"
"96893","a","3603"
"96894","v","3604"
"96894","v","3605"
"97061","n","3607"
"97068","v","3608"
"97068","v","3609"
"97068","v","3610"
"97068","v","3611"
"97110","a","3612"
"97113","n","3613"
"97194","a","3614"
"97232","a","3615"
"97232","a","3616"
"97220","n","3617"
"97253","a","3619"
"97253","a","3620"
"97258","n","3621"
"97281","a","3622"
"97320","n","3623"
"97282","n","3624"
"97366","v","3625"
"97366","v","3626"
"97233","v","3627"
"97233","v","3628"
"97481","a","3629"
"97481","a","3630"
"97615","a","3631"
"97615","a","3632"
"97672","a","3633"
"97678","a","3634"
"97678","a","3635"
"97553","n","3636"
"97710","n","3637"
"97765","a","3639"
"97761","v","3640"
"97761","v","3641"
"98896","n","3643"
"97869","v","3644"
"97869","v","3645"
"97888","n","3646"
"97971","n","3647"
"98101","n","3648"
"98005","v","3649"
"98005","v","3650"
"98062","n","3651"
"98031","n","3652"
"98057","n","3653"
"98070","n","3654"
"97981","v","3656"
"98081","n","3657"
"97981","v","3658"
"97981","v","3659"
"98165","n","3660"
"98190","n","3661"
"98205","n","3662"
"98243","n","3663"
"98230","v","3664"
"98278","a","3665"
"98278","a","3666"
"98230","v","3667"
"98472","n","3668"
"98480","n","3671"
"98487","n","3672"
"98488","n","3673"
"98507","n","3674"
"98536","n","3677"
"98552","n","3678"
"98575","n","3679"
"98582","n","3680"
"98588","n","3681"
"98605","a","3682"
"98605","a","3683"
"98643","v","3684"
"98643","v","3685"
"98761","n","3686"
"98816","v","3687"
"98908","a","3688"
"98908","a","3689"
"98967","n","3690"
"98968","a","3691"
"99029","v","3692"
"98935","v","3693"
"99083","a","3694"
"99083","a","3695"
"99073","v","3696"
"99073","v","3697"
"98935","v","3698"
"99121","n","3699"
"99163","n","3700"
"99180","n","3701"
"99196","v","3702"
"99242","n","3703"
"99324","n","3704"
"99426","n","3706"
"99590","a","3708"
"99590","a","3709"
"99643","v","3710"
"99804","n","3714"
"99762","n","3715"
"99796","n","3717"
"99799","n","3718"
"99848","v","3719"
"99848","v","3720"
"100058","a","3721"
"100058","a","3722"
"100059","v","3723"
"100059","v","3724"
"100153","n","3725"
"100243","n","3726"
"100216","v","3727"
"100248","a","3728"
"100248","a","3729"
"100216","v","3730"
"100304","n","3732"
"100335","v","3733"
"100495","n","3735"
"100499","n","3736"
"100559","n","3739"
"100562","n","3740"
"100406","v","3741"
"100406","v","3742"
"100698","n","3744"
"100667","v","3745"
"100667","v","3746"
"100825","v","3749"
"100825","v","3750"
"100822","v","3751"
"100822","v","3752"
"100878","a","3755"
"100878","a","3756"
"100886","n","3757"
"100895","a","3758"
"100895","a","3759"
"100933","v","3761"
"100836","v","3762"
"100836","v","3763"
"101004","n","3764"
"101013","n","3765"
"101116","a","3766"
"101122","n","3767"
"101090","v","3768"
"101090","v","3769"
"101220","n","3770"
"101245","n","3774"
"101312","n","3775"
"101357","a","3776"
"101357","a","3777"
"101284","v","3778"
"101284","v","3779"
"101428","a","3781"
"101515","n","3784"
"101518","n","3784"
"101466","v","3785"
"101541","n","3786"
"101566","n","3788"
"101620","n","3789"
"101824","v","3790"
"101644","v","3791"
"101644","v","3792"
"101650","v","3793"
"101650","v","3794"
"101655","v","3795"
"101655","v","3796"
"101671","n","3797"
"101685","n","3797"
"101694","a","3798"
"101694","a","3799"
"101695","v","3800"
"101695","v","3801"
"101730","a","3802"
"101769","a","3803"
"101769","a","3804"
"101758","a","3805"
"101758","a","3806"
"101847","n","3808"
"101918","n","3809"
"101921","v","3810"
"101921","v","3811"
"101928","n","3812"
"101929","a","3813"
"101929","a","3814"
"101943","n","3815"
"102129","a","3816"
"102129","a","3817"
"102252","a","3819"
"102321","n","3820"
"102329","n","3821"
"102447","n","3823"
"102532","n","3825"
"102581","n","3826"
"102606","v","3828"
"102606","v","3829"
"102667","n","3830"
"102677","n","3831"
"102737","v","3833"
"102737","v","3834"
"102942","a","3838"
"102950","n","3839"
"102957","a","3840"
"102957","a","3841"
"102958","n","3842"
"103114","a","3843"
"103260","n","3845"
"103209","v","3846"
"103368","a","3847"
"103368","a","3848"
"103209","v","3849"
"103561","n","3850"
"103660","n","3851"
"103701","a","3852"
"103701","a","3853"
"103698","v","3854"
"103879","v","3858"
"103879","v","3859"
"103985","v","3862"
"104003","v","3863"
"104080","a","3865"
"104233","a","3867"
"104247","v","3868"
"104247","v","3869"
"104261","v","3870"
"104261","a","3871"
"104261","a","3872"
"104258","v","3873"
"104356","a","3874"
"104356","a","3875"
"104341","a","3876"
"104341","a","3877"
"105657","v","3878"
"104375","a","3879"
"104375","a","3880"
"104376","v","3881"
"104376","v","3882"
"104441","a","3883"
"104458","n","3884"
"104445","n","3885"
"104448","n","3886"
"104381","v","3887"
"104381","a","3888"
"104381","a","3889"
"104381","v","3890"
"104463","n","3891"
"104513","a","3892"
"104513","a","3893"
"104558","a","3895"
"104617","a","3896"
"104617","a","3897"
"104644","a","3898"
"104664","a","3899"
"104664","a","3900"
"104734","n","3901"
"104822","v","3903"
"104822","v","3904"
"104941","n","3906"
"104947","v","3907"
"104947","v","3908"
"104947","v","3909"
"105013","n","3910"
"105014","n","3911"
"105028","v","3912"
"105028","v","3913"
"105028","v","3914"
"105073","a","3915"
"105083","n","3916"
"105105","n","3919"
"105136","v","3920"
"105136","v","3921"
"105172","v","3922"
"105218","n","3923"
"105113","v","3924"
"105113","v","3925"
"105254","n","3929"
"105272","n","3930"
"105332","a","3931"
"105332","a","3932"
"105316","n","3933"
"105403","n","3936"
"105404","n","3936"
"105405","n","3939"
"105454","n","3941"
"105490","v","3942"
"105527","n","3944"
"105671","n","3946"
"105728","n","3947"
"105863","n","3948"
"105885","n","3949"
"105966","n","3950"
"105987","n","3952"
"105999","v","3953"
"105999","v","3954"
"106013","n","3955"
"106135","n","3956"
"106138","a","3957"
"106138","a","3958"
"106164","a","3959"
"106172","a","3960"
"106172","a","3961"
"106173","v","3962"
"106173","v","3963"
"106197","n","3964"
"106284","a","3965"
"106284","a","3966"
"106313","v","3969"
"106313","v","3970"
"106411","a","3974"
"106411","a","3975"
"106335","v","3976"
"106335","v","3977"
"106414","n","3978"
"106412","v","3980"
"106412","v","3981"
"106476","v","3982"
"106659","a","3983"
"106659","a","3984"
"106667","a","3985"
"106667","a","3986"
"106707","v","3987"
"106707","v","3988"
"106710","n","3989"
"106721","v","3990"
"106741","v","3992"
"106677","v","3993"
"106761","n","3994"
"106801","n","3996"
"106959","n","3997"
"106957","n","3998"
"107020","n","4000"
"107053","a","4002"
"107053","a","4003"
"107074","v","4007"
"107113","n","4008"
"107099","v","4009"
"107128","v","4010"
"107128","v","4011"
"107134","v","4012"
"107168","n","4014"
"107216","a","4015"
"107216","a","4016"
"107253","a","4017"
"107253","a","4018"
"107336","v","4019"
"107382","v","4021"
"107382","v","4022"
"107400","v","4023"
"107400","v","4024"
"107451","n","4025"
"107467","v","4026"
"107467","v","4027"
"107482","v","4028"
"107482","v","4029"
"107498","v","4030"
"107498","n","4031"
"107498","v","4031"
"107498","v","4032"
"107537","n","4033"
"108840","n","4033"
"107567","n","4034"
"107664","a","4036"
"107664","a","4037"
"107837","n","4038"
"107834","n","4039"
"107866","v","4041"
"107866","v","4042"
"107997","a","4043"
"107997","a","4044"
"108050","v","4045"
"108129","n","4047"
"108098","v","4048"
"108062","v","4049"
"108062","v","4050"
"113377","v","4051"
"108173","a","4052"
"108173","a","4053"
"111832","v","4054"
"108195","a","4055"
"108195","a","4056"
"108210","a","4057"
"108226","n","4058"
"108229","n","4059"
"108269","n","4060"
"108246","v","4062"
"108293","v","4063"
"108293","v","4064"
"108246","v","4065"
"108320","v","4066"
"108421","v","4068"
"108363","v","4069"
"108490","a","4070"
"108490","a","4071"
"108363","v","4072"
"108497","a","4075"
"108497","a","4076"
"108507","v","4077"
"108507","v","4078"
"108697","a","4082"
"108697","a","4083"
"108716","n","4084"
"108845","v","4086"
"108845","v","4087"
"108860","v","4088"
"108869","v","4089"
"108869","v","4090"
"108883","v","4091"
"108883","v","4092"
"108978","v","4093"
"109015","v","4094"
"109015","v","4095"
"109052","v","4096"
"109068","a","4097"
"109133","n","4098"
"109134","n","4099"
"109118","v","4100"
"109144","v","4102"
"109144","v","4103"
"109171","v","4104"
"109171","v","4107"
"109171","a","4108"
"109171","a","4109"
"109171","v","4110"
"109428","n","4111"
"109451","v","4113"
"109451","v","4114"
"109522","a","4115"
"109522","a","4116"
"109574","n","4117"
"109561","v","4118"
"109561","v","4119"
"109592","v","4120"
"109592","v","4121"
"108835","v","4122"
"109688","v","4123"
"109688","v","4124"
"109785","v","4126"
"109785","v","4127"
"109827","n","4128"
"109844","v","4129"
"109856","v","4130"
"108716","n","4131"
"109959","n","4132"
"110065","v","4133"
"110077","v","4134"
"110084","v","4135"
"110121","v","4137"
"110121","v","4138"
"110185","v","4139"
"110238","a","4140"
"110272","v","4141"
"110286","v","4142"
"110286","v","4143"
"110325","v","4145"
"110348","v","4146"
"110348","v","4147"
"110550","v","4148"
"110550","v","4150"
"110585","n","4152"
"110614","v","4153"
"110619","v","4154"
"110647","n","4155"
"110860","a","4158"
"110867","v","4159"
"110895","v","4160"
"110884","n","4161"
"110913","n","4163"
"110915","n","4165"
"110887","v","4166"
"110867","v","4167"
"110959","v","4168"
"110959","v","4169"
"111003","v","4170"
"110978","v","4171"
"110978","v","4172"
"110854","v","4173"
"110854","v","4174"
"111017","v","4175"
"111034","v","4176"
"111034","v","4177"
"111099","v","4178"
"111099","v","4179"
"111136","v","4180"
"111025","v","4181"
"111025","v","4182"
"111186","v","4184"
"111186","v","4185"
"111214","n","4186"
"107611","n","4188"
"111299","n","4189"
"111333","n","4190"
"111399","n","4191"
"111400","n","4192"
"111461","v","4194"
"111461","v","4195"
"111483","n","4196"
"111597","n","4199"
"111612","v","4200"
"111612","v","4201"
"111616","v","4202"
"111622","v","4203"
"111616","v","4204"
"111688","v","4205"
"111688","v","4206"
"111753","a","4207"
"111758","a","4208"
"111779","v","4209"
"111804","n","4210"
"111809","n","4211"
"111829","a","4212"
"111829","a","4213"
"111807","v","4214"
"111807","v","4215"
"111914","v","4216"
"111914","v","4217"
"111949","v","4218"
"111975","a","4219"
"111975","a","4220"
"112001","a","4221"
"112001","a","4222"
"112002","v","4223"
"112002","v","4224"
"112005","v","4225"
"112113","a","4226"
"112115","v","4227"
"112115","v","4228"
"112127","n","4229"
"112362","n","4230"
"112378","a","4231"
"112378","a","4232"
"111622","v","4233"
"112456","a","4234"
"112456","a","4235"
"112518","n","4236"
"112608","n","4238"
"112655","a","4241"
"112655","a","4242"
"112714","a","4243"
"112714","a","4244"
"111949","v","4246"
"112800","n","4247"
"112846","a","4248"
"112846","a","4249"
"112844","n","4251"
"112851","v","4252"
"112851","v","4253"
"112937","v","4254"
"112939","v","4255"
"112964","n","4256"
"109551","v","4257"
"113067","a","4258"
"113067","a","4259"
"113069","v","4260"
"113069","v","4261"
"113124","v","4262"
"113124","v","4263"
"113240","a","4264"
"113240","a","4265"
"113284","n","4266"
"113346","n","4267"
"111832","v","4268"
"113429","n","4269"
"113454","a","4270"
"113454","a","4271"
"113377","v","4272"
"113513","a","4273"
"113518","a","4274"
"113518","a","4275"
"113578","a","4276"
"113578","a","4277"
"113585","v","4278"
"113614","a","4279"
"113614","a","4280"
"113585","v","4281"
"113715","v","4282"
"113795","n","4283"
"113796","a","4285"
"113796","a","4286"
"113913","v","4287"
"113913","v","4288"
"113952","n","4289"
"113959","n","4289"
"115291","v","4290"
"113970","n","4291"
"114152","v","4292"
"114188","n","4293"
"114265","v","4295"
"114288","n","4296"
"114306","n","4297"
"114317","n","4298"
"114353","a","4300"
"114370","a","4301"
"114370","a","4302"
"114427","n","4303"
"114496","a","4304"
"114574","n","4305"
"114562","v","4306"
"114629","v","4307"
"114629","v","4308"
"114672","a","4309"
"114672","a","4310"
"120161","v","4311"
"114706","n","4312"
"120248","v","4313"
"114765","n","4314"
"114823","v","4316"
"114789","v","4317"
"114838","a","4318"
"114838","a","4319"
"114789","v","4320"
"114913","n","4321"
"114978","n","4322"
"115004","a","4324"
"115004","a","4325"
"120541","v","4326"
"115059","v","4327"
"115123","a","4328"
"115123","a","4329"
"115226","v","4330"
"115226","a","4331"
"115226","a","4332"
"116926","v","4333"
"115245","n","4334"
"115227","v","4335"
"115314","a","4336"
"115314","a","4337"
"115327","v","4338"
"115327","v","4339"
"115356","n","4341"
"115375","a","4342"
"115375","a","4343"
"115390","v","4344"
"115390","v","4345"
"115420","a","4346"
"115420","a","4347"
"115435","n","4348"
"115446","n","4349"
"115505","a","4350"
"115505","a","4351"
"115473","v","4352"
"115439","v","4353"
"115439","v","4354"
"115466","n","4355"
"115506","v","4356"
"115506","v","4357"
"115589","n","4359"
"115604","n","4361"
"115677","n","4362"
"115707","n","4363"
"115783","n","4365"
"115901","n","4368"
"115906","n","4369"
"115991","n","4373"
"116052","n","4375"
"116104","v","4376"
"116107","a","4377"
"116107","a","4378"
"116104","v","4379"
"116106","a","4380"
"116106","a","4381"
"116108","v","4382"
"116108","v","4383"
"116123","a","4384"
"116115","v","4385"
"116131","a","4386"
"116131","a","4387"
"116115","v","4388"
"116154","a","4389"
"116154","a","4390"
"116211","a","4391"
"116211","a","4392"
"116298","v","4393"
"116232","n","4394"
"116249","n","4395"
"116252","v","4396"
"116271","a","4397"
"116271","a","4398"
"116252","v","4399"
"116275","a","4400"
"116275","a","4401"
"116276","v","4402"
"116276","v","4403"
"116303","v","4404"
"116303","v","4405"
"116325","v","4407"
"116325","v","4408"
"116338","v","4411"
"116341","a","4412"
"116341","a","4413"
"116361","n","4416"
"116360","n","4418"
"116547","a","4419"
"116547","a","4420"
"116736","a","4421"
"116761","a","4422"
"116766","n","4423"
"116935","v","4425"
"116969","a","4426"
"116969","a","4427"
"116985","a","4428"
"116985","a","4429"
"116926","v","4430"
"117002","n","4431"
"117102","n","4433"
"117590","n","4434"
"117512","v","4436"
"117687","n","4437"
"117739","n","4439"
"117740","n","4440"
"117780","n","4441"
"117787","n","4444"
"117975","n","4446"
"117814","n","4447"
"117838","a","4448"
"118103","n","4450"
"118067","v","4451"
"118210","v","4452"
"118325","a","4453"
"118325","a","4454"
"118340","n","4455"
"118345","a","4458"
"118345","a","4459"
"118383","a","4463"
"118383","a","4464"
"118387","v","4465"
"118394","a","4466"
"118394","a","4467"
"118387","v","4468"
"118411","v","4469"
"118412","v","4470"
"118412","v","4471"
"118436","a","4472"
"118436","a","4473"
"118412","v","4474"
"118431","n","4475"
"118451","v","4476"
"118451","v","4477"
"118513","a","4479"
"118513","a","4480"
"118959","v","4483"
"118580","v","4484"
"118616","n","4485"
"118609","n","4486"
"118626","v","4487"
"118626","v","4488"
"118725","v","4489"
"118725","v","4490"
"118735","n","4491"
"118701","n","4492"
"118792","v","4494"
"119458","v","4495"
"119458","a","4496"
"119458","a","4497"
"118819","a","4498"
"118819","a","4499"
"118837","v","4502"
"118839","v","4503"
"118843","v","4504"
"118839","v","4505"
"118880","a","4506"
"118880","a","4507"
"118871","n","4508"
"118844","v","4509"
"118844","v","4510"
"118882","v","4511"
"118882","v","4512"
"118956","a","4513"
"118956","a","4514"
"118959","v","4515"
"118964","n","4516"
"118959","v","4517"
"118990","n","4518"
"119019","v","4519"
"119018","a","4520"
"119018","a","4521"
"119051","n","4522"
"119105","n","4522"
"118853","v","4523"
"118411","v","4524"
"118412","v","4525"
"119105","n","4526"
"119090","v","4527"
"119090","v","4528"
"119067","v","4529"
"119253","v","4530"
"119253","v","4531"
"119245","v","4532"
"119245","v","4533"
"119284","v","4534"
"119284","v","4535"
"119333","a","4536"
"119333","a","4537"
"119295","v","4538"
"119375","v","4539"
"119342","v","4540"
"119342","v","4541"
"119355","n","4542"
"119378","v","4543"
"119378","v","4544"
"119386","v","4545"
"119386","v","4546"
"119385","v","4547"
"119385","v","4548"
"119395","a","4549"
"119395","a","4550"
"119400","v","4551"
"119400","v","4552"
"119375","v","4553"
"119375","v","4554"
"119426","v","4556"
"119426","v","4557"
"119433","v","4558"
"119458","a","4559"
"119458","a","4560"
"119505","v","4561"
"119505","v","4562"
"119547","a","4563"
"119547","a","4564"
"119617","v","4566"
"119617","v","4567"
"119622","v","4568"
"119622","v","4569"
"119691","a","4570"
"119691","a","4571"
"119695","v","4572"
"119695","v","4573"
"119742","a","4575"
"119729","v","4576"
"119729","v","4577"
"119759","a","4578"
"119772","v","4579"
"119776","n","4580"
"119774","n","4581"
"119777","n","4581"
"119778","n","4582"
"119838","n","4584"
"119866","a","4585"
"119866","a","4586"
"119886","a","4587"
"119886","a","4588"
"119905","n","4589"
"119993","n","4590"
"120105","v","4591"
"120111","n","4592"
"120145","n","4593"
"120161","v","4595"
"120171","v","4595"
"120128","v","4598"
"120128","v","4599"
"120304","v","4600"
"120304","v","4601"
"120525","n","4602"
"120541","v","4604"
"120713","a","4609"
"120713","a","4610"
"120720","a","4613"
"120722","v","4614"
"120749","v","4615"
"120749","v","4616"
"120777","v","4617"
"120777","v","4618"
"120789","a","4619"
"120789","a","4620"
"120790","v","4623"
"120829","a","4624"
"120829","a","4625"
"120790","v","4626"
"120830","v","4627"
"120830","v","4628"
"120834","v","4629"
"120834","v","4630"
"120865","v","4631"
"120899","v","4632"
"120918","v","4633"
"120918","v","4634"
"120934","v","4635"
"120934","v","4636"
"121037","v","4637"
"120942","v","4638"
"120942","v","4639"
"120974","a","4640"
"120974","a","4641"
"120968","v","4642"
"120968","v","4643"
"121000","a","4644"
"121000","a","4645"
"120984","v","4646"
"120984","v","4647"
"121025","a","4648"
"121043","a","4649"
"121043","a","4650"
"121044","v","4651"
"121100","a","4652"
"121100","a","4653"
"121056","v","4654"
"121037","v","4655"
"121157","v","4656"
"121157","v","4657"
"121393","a","4658"
"121393","a","4659"
"121195","a","4660"
"121195","a","4661"
"121180","a","4662"
"121180","a","4663"
"121203","v","4668"
"121241","a","4669"
"121241","a","4670"
"121203","v","4671"
"121247","v","4672"
"121265","v","4673"
"121265","v","4674"
"121272","v","4675"
"121287","a","4676"
"121287","a","4677"
"121272","v","4678"
"121296","v","4679"
"121296","v","4680"
"121355","v","4681"
"121355","v","4682"
"121369","v","4683"
"121369","v","4684"
"121196","v","4685"
"121202","v","4686"
"121380","v","4687"
"121380","v","4688"
"121393","a","4689"
"121393","a","4690"
"121474","a","4692"
"121474","a","4693"
"121507","a","4694"
"121507","a","4695"
"121501","v","4696"
"121534","v","4697"
"121534","v","4698"
"121578","a","4699"
"121578","a","4700"
"121534","v","4701"
"121643","a","4702"
"121643","a","4703"
"121650","v","4704"
"121650","v","4705"
"121670","v","4706"
"121670","v","4707"
"121678","n","4709"
"121717","a","4710"
"121717","a","4711"
"121718","v","4712"
"121741","a","4713"
"121741","a","4714"
"121718","v","4715"
"121757","a","4718"
"121757","a","4719"
"121767","a","4720"
"121798","a","4723"
"121798","a","4724"
"121805","n","4725"
"121801","v","4726"
"121801","v","4727"
"121814","v","4728"
"121814","v","4729"
"121827","v","4730"
"121827","v","4731"
"121840","a","4732"
"121840","a","4733"
"121855","a","4734"
"121855","a","4735"
"121917","a","4736"
"121917","a","4737"
"121923","v","4738"
"121923","v","4739"
"121759","v","4740"
"121934","a","4741"
"121940","v","4744"
"121940","a","4745"
"121940","a","4746"
"121940","v","4747"
"121987","a","4748"
"121987","a","4749"
"121993","v","4750"
"121993","v","4751"
"122133","v","4753"
"122133","v","4754"
"122246","v","4755"
"122246","v","4756"
"122284","a","4757"
"122284","a","4758"
"122384","n","4760"
"117332","v","4762"
"122389","a","4763"
"122312","n","4766"
"122405","n","4766"
"122442","n","4767"
"122507","n","4768"
"122485","n","4769"
"122480","v","4770"
"122547","n","4771"
"122624","n","4772"
"122676","a","4773"
"122676","a","4774"
"122695","a","4776"
"122695","a","4777"
"122697","v","4778"
"122723","a","4779"
"122723","a","4780"
"122697","v","4781"
"122725","n","4782"
"122755","n","4783"
"122804","n","4784"
"122792","a","4786"
"122792","a","4787"
"116974","v","4788"
"122919","a","4789"
"122919","a","4790"
"123037","a","4791"
"123073","a","4792"
"123112","v","4794"
"123195","n","4795"
"123200","n","4796"
"123216","v","4801"
"123216","v","4802"
"123274","v","4803"
"123274","v","4804"
"124016","v","4805"
"123354","v","4806"
"123354","v","4807"
"123407","n","4808"
"123470","v","4809"
"123516","n","4810"
"123526","n","4811"
"123554","v","4812"
"123547","v","4813"
"123579","a","4814"
"123579","a","4815"
"123590","v","4816"
"123586","v","4817"
"123606","v","4818"
"123645","n","4821"
"123724","n","4823"
"123740","n","4824"
"123763","a","4825"
"123763","a","4826"
"123762","n","4827"
"124504","v","4828"
"123795","a","4829"
"123795","a","4830"
"123817","a","4831"
"123817","a","4832"
"123819","v","4833"
"123842","v","4834"
"123880","a","4835"
"123880","a","4836"
"123914","a","4837"
"123914","a","4838"
"123832","v","4839"
"123934","v","4840"
"123934","v","4841"
"123953","n","4842"
"124016","v","4843"
"124016","v","4844"
"124056","a","4845"
"124056","a","4846"
"124062","n","4847"
"124078","n","4848"
"124095","v","4849"
"124128","v","4850"
"123384","v","4851"
"123384","v","4852"
"124180","a","4853"
"124180","a","4854"
"124193","a","4855"
"124193","a","4856"
"124212","n","4860"
"124231","n","4862"
"124281","a","4863"
"124281","a","4864"
"124302","v","4865"
"124284","v","4866"
"124336","a","4867"
"124336","a","4868"
"124284","v","4869"
"124393","v","4870"
"124373","a","4871"
"124468","a","4872"
"124468","a","4873"
"124386","v","4874"
"124386","v","4875"
"124391","a","4876"
"124391","a","4877"
"124425","a","4878"
"124435","a","4880"
"124435","a","4881"
"124393","v","4882"
"124469","v","4883"
"124469","v","4884"
"123832","v","4886"
"124477","v","4887"
"124477","v","4888"
"124502","n","4889"
"124535","n","4890"
"124591","n","4891"
"124602","a","4892"
"124602","a","4893"
"124603","v","4894"
"124603","a","4895"
"124603","a","4896"
"124611","a","4897"
"124611","a","4898"
"124603","v","4899"
"124652","v","4900"
"124652","v","4901"
"124653","v","4902"
"124653","v","4903"
"124654","a","4904"
"124654","a","4905"
"124637","v","4906"
"124658","n","4907"
"124679","n","4908"
"124813","v","4910"
"124813","v","4911"
"124854","n","4912"
"124932","a","4913"
"124932","a","4914"
"124994","n","4918"
"125937","v","4920"
"125125","n","4921"
"125135","n","4922"
"125141","a","4923"
"125180","a","4924"
"125180","a","4925"
"125185","a","4926"
"125186","n","4928"
"125187","n","4929"
"125143","v","4930"
"125210","a","4931"
"125210","a","4932"
"125143","v","4933"
"125186","n","4934"
"125303","a","4935"
"125303","a","4936"
"125420","v","4937"
"125420","a","4938"
"125420","a","4939"
"125442","a","4940"
"125442","a","4941"
"125477","a","4942"
"125477","a","4943"
"125568","n","4944"
"125599","n","4946"
"125584","v","4947"
"125584","v","4948"
"125609","v","4950"
"125609","v","4951"
"125627","n","4952"
"125660","n","4953"
"125639","v","4954"
"125639","v","4955"
"125768","n","4956"
"125783","v","4957"
"125783","v","4958"
"126998","v","4959"
"125879","n","4960"
"125892","v","4961"
"125922","n","4962"
"125936","a","4963"
"125936","a","4964"
"126757","a","4965"
"125983","v","4968"
"125983","v","4969"
"126057","a","4971"
"126058","n","4972"
"126087","a","4973"
"126087","a","4974"
"126092","a","4975"
"126092","a","4976"
"125432","v","4977"
"125432","v","4978"
"126119","n","4979"
"126180","n","4982"
"126198","a","4983"
"126198","a","4984"
"125026","v","4985"
"126214","v","4986"
"126214","v","4987"
"126301","v","4988"
"126299","a","4989"
"126299","a","4990"
"126305","n","4991"
"126305","n","4992"
"125389","v","4995"
"126442","n","4996"
"126435","v","4997"
"126435","v","4998"
"126471","n","4999"
"126477","n","5000"
"126467","v","5001"
"126524","a","5003"
"126524","a","5004"
"126541","n","5007"
"126594","n","5008"
"126631","a","5009"
"126636","a","5010"
"126636","a","5011"
"126638","v","5013"
"126640","n","5014"
"126660","v","5015"
"126719","a","5016"
"126719","a","5017"
"126769","a","5018"
"126769","a","5019"
"126722","v","5020"
"126722","v","5021"
"126770","v","5022"
"126784","n","5023"
"126660","v","5024"
"126792","n","5025"
"126799","a","5026"
"126799","a","5027"
"126827","v","5028"
"126837","a","5029"
"126837","a","5030"
"126827","v","5031"
"126770","v","5032"
"126672","v","5034"
"126858","n","5035"
"126857","v","5036"
"126857","v","5037"
"126697","v","5038"
"126862","v","5039"
"126862","v","5040"
"126873","v","5041"
"126873","v","5042"
"126885","n","5043"
"125814","v","5044"
"126889","v","5045"
"126889","v","5046"
"126913","v","5047"
"126934","a","5048"
"126934","a","5049"
"126936","v","5050"
"126947","a","5053"
"126947","a","5054"
"125925","v","5055"
"125937","v","5056"
"126948","v","5057"
"126948","v","5058"
"126970","v","5059"
"126982","a","5060"
"126982","a","5061"
"127029","n","5062"
"127027","n","5064"
"127031","v","5065"
"127057","v","5066"
"127057","v","5067"
"127241","n","5070"
"127280","v","5073"
"127311","a","5074"
"127331","v","5075"
"127331","v","5076"
"127333","n","5077"
"127431","n","5078"
"127519","n","5079"
"127542","v","5080"
"127542","v","5081"
"127584","n","5082"
"127612","n","5083"
"127628","n","5084"
"127656","n","5087"
"127792","n","5088"
"127834","a","5089"
"127834","a","5090"
"127840","v","5091"
"127867","a","5094"
"127867","a","5095"
"127868","v","5097"
"127868","v","5098"
"128025","n","5099"
"120161","v","5100"
"120248","v","5101"
"120248","v","5102"
"127948","v","5103"
"128054","a","5104"
"128054","a","5105"
"127948","v","5106"
"128097","n","5107"
"128216","n","5109"
"128256","n","5110"
"128081","v","5111"
"128081","v","5112"
"128305","v","5113"
"128452","n","5114"
"128482","a","5115"
"128482","a","5116"
"128648","v","5117"
"128648","v","5118"
"128654","v","5119"
"128657","a","5120"
"128654","v","5121"
"128959","v","5122"
"128682","n","5123"
"128737","a","5124"
"128737","a","5125"
"128741","v","5126"
"128741","v","5127"
"128748","a","5128"
"128748","a","5129"
"128753","v","5130"
"128753","v","5131"
"128813","v","5136"
"128955","v","5137"
"128955","v","5138"
"128959","v","5139"
"129042","v","5140"
"129042","v","5141"
"128930","v","5142"
"128741","v","5143"
"128741","v","5144"
"128741","v","5145"
"129071","n","5146"
"128770","v","5147"
"128770","v","5148"
"129079","v","5149"
"129079","v","5150"
"128959","v","5151"
"128987","v","5152"
"129086","n","5153"
"129111","n","5154"
"129104","v","5155"
"129112","n","5156"
"129144","v","5157"
"129144","v","5158"
"129209","n","5159"
"129221","n","5161"
"129238","n","5162"
"129294","n","5165"
"129342","n","5167"
"129362","n","5168"
"129368","n","5169"
"129409","n","5171"
"129501","v","5173"
"129501","v","5174"
"129547","n","5175"
"129617","a","5176"
"129617","a","5177"
"129667","n","5178"
"131224","n","5178"
"129676","v","5179"
"129676","v","5180"
"129777","v","5181"
"129840","v","5183"
"129840","v","5186"
"129840","v","5189"
"129909","v","5191"
"129909","v","5192"
"130015","n","5193"
"129969","a","5194"
"129969","a","5195"
"130002","n","5196"
"130007","v","5197"
"130002","n","5198"
"130002","n","5199"
"130071","v","5201"
"130149","a","5202"
"130149","a","5203"
"130091","v","5204"
"130091","a","5205"
"130091","a","5206"
"130091","v","5207"
"130223","v","5209"
"130223","v","5210"
"130311","n","5211"
"130328","a","5212"
"130328","a","5213"
"130288","v","5214"
"130374","v","5215"
"130288","v","5216"
"130385","n","5217"
"130429","v","5219"
"130429","v","5220"
"130457","a","5221"
"130457","a","5222"
"130458","v","5223"
"130479","a","5224"
"130479","a","5225"
"130458","v","5226"
"130676","v","5227"
"130516","a","5228"
"130516","a","5229"
"130591","n","5230"
"130526","n","5231"
"130582","n","5231"
"130568","n","5232"
"130582","v","5233"
"130568","v","5234"
"130740","v","5235"
"130740","v","5236"
"130790","a","5237"
"130790","a","5238"
"130802","v","5240"
"130802","v","5241"
"130827","a","5242"
"130832","a","5243"
"130832","a","5244"
"133841","n","5245"
"130845","a","5246"
"130872","n","5249"
"131098","n","5252"
"131183","n","5254"
"131224","n","5255"
"131337","n","5259"
"131358","n","5260"
"131402","n","5262"
"131429","n","5263"
"131449","v","5264"
"131496","n","5265"
"131503","n","5266"
"131527","n","5267"
"131540","a","5268"
"131557","n","5269"
"131564","a","5270"
"131564","a","5271"
"131548","v","5272"
"131562","n","5273"
"131576","a","5274"
"131576","a","5275"
"131616","n","5276"
"131639","n","5277"
"131711","n","5279"
"131733","n","5280"
"131865","n","5282"
"132811","n","5283"
"132099","n","5284"
"132101","n","5285"
"132153","n","5287"
"132204","v","5288"
"132204","v","5289"
"132175","v","5290"
"132175","a","5291"
"132175","a","5292"
"132175","v","5293"
"132270","a","5294"
"132279","a","5295"
"132279","a","5296"
"132412","n","5298"
"132431","a","5299"
"132431","a","5300"
"132195","v","5301"
"132204","v","5302"
"132495","a","5303"
"132495","a","5304"
"132658","v","5305"
"132666","v","5306"
"132592","a","5307"
"132592","a","5308"
"132608","v","5309"
"132616","a","5310"
"132616","a","5311"
"132617","v","5312"
"132617","v","5313"
"132640","n","5314"
"132608","v","5315"
"132666","v","5316"
"132658","v","5317"
"132666","v","5318"
"132666","v","5319"
"132686","v","5320"
"132686","v","5321"
"132701","v","5322"
"132701","v","5323"
"132781","n","5324"
"132814","n","5325"
"132844","n","5326"
"132932","v","5327"
"132932","a","5328"
"132932","a","5329"
"133026","n","5330"
"133147","a","5331"
"133147","a","5332"
"133267","a","5333"
"133267","a","5334"
"133180","v","5335"
"133250","a","5336"
"133250","a","5337"
"133180","v","5338"
"133253","v","5339"
"133253","v","5340"
"133268","v","5342"
"133268","v","5343"
"133294","a","5344"
"133294","a","5345"
"133382","n","5346"
"133395","v","5347"
"133395","v","5348"
"133468","n","5349"
"133472","v","5350"
"133483","n","5351"
"133566","v","5352"
"133566","v","5353"
"131023","v","5354"
"133692","n","5355"
"133720","n","5356"
"129777","v","5361"
"129840","v","5363"
"133869","a","5365"
"133869","a","5366"
"133907","a","5367"
"133912","n","5368"
"133951","n","5369"
"133872","v","5370"
"133872","v","5371"
"130710","v","5372"
"134063","n","5373"
"130710","v","5374"
"133988","n","5375"
"133998","n","5376"
"134030","n","5379"
"134084","v","5380"
"134084","v","5381"
"134082","v","5382"
"134082","v","5383"
"134158","a","5384"
"134158","a","5385"
"134181","n","5386"
"136185","n","5386"
"134214","v","5387"
"134214","v","5388"
"134323","n","5389"
"134335","n","5390"
"134431","a","5391"
"134457","v","5393"
"134457","v","5394"
"134497","n","5395"
"134554","v","5396"
"134554","v","5397"
"134554","v","5398"
"134554","v","5399"
"134554","v","5400"
"134551","v","5401"
"134551","v","5402"
"134633","v","5403"
"134633","v","5404"
"134657","v","5405"
"134794","v","5406"
"134734","v","5409"
"134734","v","5410"
"134743","v","5411"
"134794","v","5412"
"134794","v","5413"
"134838","n","5416"
"134842","n","5417"
"134826","v","5418"
"134826","v","5419"
"134864","a","5420"
"134864","a","5421"
"134867","n","5422"
"134878","v","5423"
"134878","v","5424"
"134927","v","5425"
"135050","v","5426"
"135050","v","5427"
"135097","a","5428"
"135097","a","5429"
"135105","v","5430"
"135105","v","5431"
"135113","n","5432"
"135224","n","5433"
"135295","a","5434"
"135295","a","5435"
"135294","a","5436"
"135294","a","5437"
"135297","n","5438"
"135893","v","5439"
"135347","v","5442"
"135356","n","5443"
"135347","v","5444"
"135405","a","5446"
"135401","v","5447"
"135401","a","5448"
"135401","a","5449"
"135401","v","5450"
"135461","v","5451"
"135461","v","5452"
"135524","n","5453"
"135560","n","5455"
"135572","n","5456"
"134941","v","5458"
"134941","v","5459"
"135633","n","5462"
"135673","v","5463"
"135673","v","5464"
"135683","n","5465"
"135712","n","5466"
"135716","v","5467"
"135716","v","5468"
"135750","a","5469"
"135750","a","5470"
"135853","n","5471"
"135885","a","5472"
"135885","a","5473"
"135950","n","5475"
"135956","a","5476"
"135956","a","5477"
"136033","v","5478"
"136033","v","5479"
"136087","v","5480"
"136111","v","5481"
"136163","v","5482"
"136163","v","5483"
"136111","v","5484"
"136167","v","5485"
"136167","v","5486"
"136228","n","5489"
"136416","v","5490"
"136416","v","5491"
"136466","a","5492"
"136466","a","5493"
"136520","v","5494"
"136522","a","5495"
"136522","a","5496"
"136520","v","5497"
"136533","v","5498"
"136533","v","5499"
"136571","v","5500"
"136571","v","5501"
"132937","v","5502"
"136682","n","5503"
"136707","v","5504"
"136711","v","5505"
"136711","v","5506"
"136740","v","5507"
"133323","n","5508"
"136777","n","5508"
"136825","n","5509"
"136848","a","5510"
"136844","n","5511"
"136848","a","5512"
"136846","v","5513"
"136855","n","5514"
"136912","n","5515"
"136931","n","5516"
"136996","n","5517"
"136997","n","5518"
"136998","n","5519"
"137208","v","5520"
"137208","v","5521"
"137232","v","5522"
"137240","v","5523"
"137534","n","5526"
"137374","v","5528"
"137372","v","5529"
"137372","v","5530"
"137593","v","5531"
"137613","v","5533"
"137635","v","5535"
"137636","v","5536"
"137651","v","5537"
"137653","v","5538"
"137653","v","5539"
"137653","v","5541"
"137668","v","5542"
"137672","v","5543"
"137672","v","5544"
"137692","v","5548"
"137688","v","5549"
"137704","v","5550"
"137716","v","5551"
"137718","v","5552"
"137718","v","5553"
"137636","v","5554"
"137736","v","5555"
"137736","v","5556"
"137798","v","5557"
"137798","v","5558"
"138016","v","5559"
"138016","v","5560"
"138062","a","5561"
"138062","a","5562"
"138058","v","5563"
"138058","v","5564"
"138077","a","5565"
"138077","a","5566"
"138092","a","5567"
"138092","a","5568"
"138138","a","5569"
"138138","a","5570"
"138151","a","5571"
"138151","a","5572"
"138171","a","5573"
"138171","a","5574"
"138220","v","5575"
"138536","v","5581"
"138585","v","5582"
"138590","v","5583"
"138590","v","5584"
"138790","v","5587"
"138790","v","5588"
"138808","v","5589"
"138808","v","5590"
"138900","v","5591"
"138900","v","5592"
"139035","a","5598"
"139035","a","5599"
"139069","v","5600"
"139225","v","5608"
"139242","v","5613"
"139327","v","5617"
"139354","v","5619"
"139354","a","5620"
"139354","a","5621"
"139355","v","5624"
"139499","v","5625"
"139521","v","5626"
"139521","v","5627"
"139529","v","5628"
"139529","v","5629"
"139577","v","5631"
"139575","v","5632"
"139530","v","5633"
"139632","v","5634"
"139530","v","5635"
"139647","v","5636"
"139647","v","5637"
"139657","v","5638"
"139766","n","5647"
"139795","n","5648"
"140006","n","5649"
"140039","n","5650"
"140063","n","5651"
"140156","n","5652"
"140191","n","5655"
"140176","n","5656"
"140265","n","5657"
"140511","n","5659"
"140526","v","5660"
"140529","n","5661"
"140584","v","5665"
"140584","v","5666"
"140710","n","5667"
"140733","n","5670"
"140750","n","5671"
"140991","n","5672"
"141066","v","5673"
"141096","v","5674"
"141122","n","5675"
"141166","n","5676"
"141182","v","5677"
"141186","n","5678"
"141197","n","5679"
"141223","n","5680"
"141223","n","5681"
"141249","n","5682"
"141288","a","5683"
"141337","n","5684"
"141321","v","5685"
"141321","v","5686"
"141384","n","5691"
"141489","v","5693"
"141489","v","5694"
"141581","v","5697"
"141601","n","5698"
"141753","n","5701"
"141848","n","5703"
"142029","n","5705"
"142053","v","5706"
"142055","v","5707"
"142055","v","5708"
"142076","n","5710"
"142091","v","5711"
"142356","n","5712"
"142211","n","5713"
"142232","n","5715"
"142276","n","5716"
"142316","n","5717"
"142314","n","5718"
"142413","n","5719"
"141514","v","5720"
"142442","a","5721"
"142442","a","5722"
"142444","v","5723"
"142444","v","5725"
"142464","v","5728"
"142464","v","5729"
"142495","n","5730"
"142500","n","5731"
"142502","n","5731"
"142707","v","5733"
"142707","a","5734"
"142707","a","5735"
"142707","v","5736"
"142882","a","5737"
"142882","a","5738"
"142745","v","5739"
"142745","v","5740"
"12320","v","5741"
"142930","a","5742"
"142930","a","5743"
"142970","a","5744"
"143293","a","5746"
"143293","a","5747"
"143323","a","5748"
"143323","a","5749"
"143336","v","5750"
"143360","n","5751"
"143362","a","5752"
"143362","a","5753"
"143370","a","5754"
"143370","a","5755"
"143411","v","5756"
"143411","a","5757"
"143411","a","5758"
"143449","v","5759"
"143449","v","5760"
"143461","v","5761"
"143479","a","5762"
"143479","a","5763"
"143461","v","5764"
"143492","v","5765"
"143492","v","5766"
"143529","v","5767"
"143537","a","5768"
"143537","a","5769"
"143553","a","5770"
"143553","a","5771"
"143552","a","5772"
"143552","a","5773"
"143563","a","5774"
"143563","a","5775"
"143597","a","5776"
"143597","a","5777"
"143735","a","5778"
"58418","v","5779"
"58435","v","5780"
"143554","v","5781"
"12320","v","5782"
"143756","n","5783"
"143917","v","5784"
"143917","a","5785"
"143917","a","5786"
"143917","v","5787"
"143942","a","5788"
"143942","a","5789"
"143955","v","5790"
"143955","v","5791"
"143958","v","5792"
"143958","v","5793"
"143959","n","5794"
"144040","v","5795"
"144040","v","5796"
"144058","a","5797"
"144058","a","5798"
"144065","v","5799"
"144068","v","5800"
"144084","n","5801"
"144068","v","5802"
"144096","v","5803"
"144102","v","5804"
"144102","v","5805"
"144398","n","5808"
"144446","v","5809"
"144446","v","5810"
"144446","v","5811"
"144490","a","5812"
"144505","v","5813"
"144505","v","5814"
"144586","a","5815"
"144586","a","5816"
"144601","v","5817"
"144601","v","5818"
"144616","v","5819"
"144616","v","5820"
"144737","v","5821"
"144737","v","5822"
"144980","a","5823"
"144980","a","5824"
"145101","a","5825"
"145101","a","5826"
"145074","v","5827"
"145074","v","5828"
"145242","a","5829"
"145242","a","5830"
"144988","v","5831"
"145239","a","5833"
"145239","a","5834"
"145240","a","5835"
"145240","a","5836"
"145290","a","5839"
"145290","a","5840"
"145332","a","5841"
"145332","a","5842"
"145369","v","5843"
"145369","v","5844"
"145384","v","5845"
"145391","v","5846"
"145410","a","5847"
"145410","a","5848"
"144595","n","5849"
"142547","v","5850"
"142547","v","5851"
"145461","n","5852"
"145441","n","5853"
"144988","v","5854"
"145534","a","5855"
"145534","a","5856"
"145511","v","5857"
"145511","v","5858"
"145669","a","5859"
"145669","a","5860"
"145638","n","5861"
"145655","a","5862"
"145655","a","5863"
"145695","a","5864"
"145695","a","5865"
"145726","a","5866"
"145726","a","5867"
"145782","a","5868"
"145782","a","5869"
"143390","v","5870"
"145916","a","5871"
"145916","a","5872"
"145947","a","5873"
"145947","a","5874"
"143390","v","5875"
"145957","v","5876"
"10777","a","5877"
"145965","v","5878"
"145965","v","5879"
"10777","a","5880"
"145985","a","5881"
"145985","a","5882"
"144999","v","5883"
"143453","v","5884"
"143453","v","5885"
"146005","v","5886"
"146005","v","5887"
"146025","n","5888"
"146153","v","5889"
"146153","a","5890"
"146153","a","5891"
"146083","v","5892"
"146083","v","5893"
"145783","v","5894"
"146052","v","5895"
"146153","a","5896"
"146153","a","5897"
"146429","v","5900"
"146429","v","5901"
"146468","v","5902"
"146468","v","5903"
"146540","a","5908"
"146540","a","5909"
"146726","v","5910"
"146726","v","5911"
"146749","n","5912"
"146749","n","5913"
"146788","v","5914"
"146788","v","5915"
"146796","n","5916"
"146831","a","5917"
"146831","a","5918"
"146906","a","5920"
"146906","a","5921"
"146967","a","5923"
"146967","a","5924"
"146970","v","5925"
"146970","v","5926"
"147045","n","5928"
"147094","v","5929"
"147094","v","5930"
"147140","v","5931"
"147149","a","5932"
"147149","a","5933"
"147140","v","5934"
"147226","n","5939"
